USE nova_trade;

-- Insert sample data into customers
INSERT INTO customers (first_name, last_name, email, city, country, signup_date) VALUES ('Thomas', 'Le', 'robert23@gmail.com', 'Singletonton', 'Mauritania', '2023-10-17');
INSERT INTO customers (first_name, last_name, email, city, country, signup_date) VALUES ('Adam', 'Owens', 'thompsonlaura@myers-gomez.com', 'Justinview', 'Croatia', '2022-04-25');
INSERT INTO customers (first_name, last_name, email, city, country, signup_date) VALUES ('Kimberly', 'Carey', 'xmayer@delacruz-lewis.com', 'Port Kevinburgh', 'Taiwan', '2022-01-26');
INSERT INTO customers (first_name, last_name, email, city, country, signup_date) VALUES ('David', 'Contreras', 'zarcher@lang.com', 'Hopkinsland', 'Russian Federation', '2022-10-09');
INSERT INTO customers (first_name, last_name, email, city, country, signup_date) VALUES ('Lindsey', 'Vaughan', 'ljohnson@yahoo.com', 'Lake Adam', 'Congo', '2022-09-08');
INSERT INTO customers (first_name, last_name, email, city, country, signup_date) VALUES ('Keith', 'Collins', 'grimeslisa@rodriguez-spencer.biz', 'East Christopherhaven', 'Slovenia', '2022-08-17');
INSERT INTO customers (first_name, last_name, email, city, country, signup_date) VALUES ('Mark', 'Holder', 'tking@noble-underwood.net', 'Reneefurt', 'Romania', '2022-05-23');
INSERT INTO customers (first_name, last_name, email, city, country, signup_date) VALUES ('Joseph', 'Matthews', 'fcarpenter@flores.net', 'West Corey', 'China', '2022-04-15');
INSERT INTO customers (first_name, last_name, email, city, country, signup_date) VALUES ('Mathew', 'Miller', 'dchan@carrillo-burton.net', 'East Jenna', 'Cocos (Keeling) Islands', '2023-11-24');
INSERT INTO customers (first_name, last_name, email, city, country, signup_date) VALUES ('Robert', 'Hess', 'stephanie16@hotmail.com', 'South Normaville', 'Bahamas', '2023-07-13');
INSERT INTO customers (first_name, last_name, email, city, country, signup_date) VALUES ('Bradley', 'Rose', 'whughes@yahoo.com', 'Port Bobtown', 'Saint Barthelemy', '2022-03-31');
INSERT INTO customers (first_name, last_name, email, city, country, signup_date) VALUES ('Lisa', 'Berger', 'natalierussell@mcbride-jacobs.net', 'Andersonfort', 'Samoa', '2023-08-28');
INSERT INTO customers (first_name, last_name, email, city, country, signup_date) VALUES ('Kevin', 'Miller', 'madeline78@rose.com', 'North Ryan', 'Iceland', '2023-03-09');
INSERT INTO customers (first_name, last_name, email, city, country, signup_date) VALUES ('Brian', 'Moss', 'jpowell@hotmail.com', 'South Sonia', 'Jordan', '2022-02-02');
INSERT INTO customers (first_name, last_name, email, city, country, signup_date) VALUES ('Kimberly', 'Hernandez', 'villarrealstacy@pineda-haynes.info', 'New Charles', 'Pakistan', '2022-01-31');
INSERT INTO customers (first_name, last_name, email, city, country, signup_date) VALUES ('Thomas', 'Reid', 'halepeter@conley-wells.com', 'New Josephhaven', 'Eritrea', '2022-04-06');
INSERT INTO customers (first_name, last_name, email, city, country, signup_date) VALUES ('Colton', 'Taylor', 'ppearson@hotmail.com', 'Christineberg', 'Uruguay', '2022-08-12');
INSERT INTO customers (first_name, last_name, email, city, country, signup_date) VALUES ('Stacy', 'Wright', 'timothy00@hotmail.com', 'Morenochester', 'Iceland', '2022-08-27');
INSERT INTO customers (first_name, last_name, email, city, country, signup_date) VALUES ('Melissa', 'West', 'farleylaurie@hernandez.com', 'Dalestad', 'Saint Lucia', '2023-06-02');
INSERT INTO customers (first_name, last_name, email, city, country, signup_date) VALUES ('Scott', 'Zamora', 'traceymcgee@gmail.com', 'Mcdonaldchester', 'Isle of Man', '2023-09-09');
INSERT INTO customers (first_name, last_name, email, city, country, signup_date) VALUES ('Grace', 'Villarreal', 'longclaire@hotmail.com', 'East Devon', 'Nepal', '2022-01-28');
INSERT INTO customers (first_name, last_name, email, city, country, signup_date) VALUES ('Daniel', 'Singleton', 'daniel44@jones-mcintosh.com', 'East Angel', 'Rwanda', '2023-07-29');
INSERT INTO customers (first_name, last_name, email, city, country, signup_date) VALUES ('John', 'Reyes', 'cynthiahooper@yahoo.com', 'Dianefurt', 'Gabon', '2022-07-23');
INSERT INTO customers (first_name, last_name, email, city, country, signup_date) VALUES ('Michael', 'Adams', 'jacobstyler@gmail.com', 'East Rebecca', 'Cameroon', '2023-10-28');
INSERT INTO customers (first_name, last_name, email, city, country, signup_date) VALUES ('Mark', 'Petersen', 'david13@yahoo.com', 'South Roberta', 'Bermuda', '2023-12-20');
INSERT INTO customers (first_name, last_name, email, city, country, signup_date) VALUES ('Antonio', 'Deleon', 'meghanpena@wood-hester.com', 'New Deborah', 'Puerto Rico', '2023-07-13');
INSERT INTO customers (first_name, last_name, email, city, country, signup_date) VALUES ('Carl', 'Carter', 'hayley59@chapman.com', 'Port Tammy', 'Cook Islands', '2023-03-06');
INSERT INTO customers (first_name, last_name, email, city, country, signup_date) VALUES ('Franklin', 'Williams', 'erin46@rasmussen.info', 'Port Mariefort', 'British Virgin Islands', '2022-08-14');
INSERT INTO customers (first_name, last_name, email, city, country, signup_date) VALUES ('Robert', 'Gibson', 'thompsonteresa@gmail.com', 'Clarkville', 'Georgia', '2023-04-05');
INSERT INTO customers (first_name, last_name, email, city, country, signup_date) VALUES ('Amber', 'Hall', 'anthony72@gmail.com', 'East Jonathan', 'Peru', '2023-08-27');
INSERT INTO customers (first_name, last_name, email, city, country, signup_date) VALUES ('Christian', 'Lara', 'ryan76@gmail.com', 'East Richardview', 'Mozambique', '2022-10-12');
INSERT INTO customers (first_name, last_name, email, city, country, signup_date) VALUES ('Virginia', 'Owens', 'shirley53@cooley.com', 'North Craig', 'Georgia', '2022-01-07');
INSERT INTO customers (first_name, last_name, email, city, country, signup_date) VALUES ('Kristopher', 'Cook', 'jacob03@gmail.com', 'Port Anthony', 'Palau', '2022-06-13');
INSERT INTO customers (first_name, last_name, email, city, country, signup_date) VALUES ('Johnny', 'Williams', 'brenda01@yahoo.com', 'Lake Melissamouth', 'Martinique', '2023-12-16');
INSERT INTO customers (first_name, last_name, email, city, country, signup_date) VALUES ('Angela', 'Young', 'dpham@hart.com', 'Michaelville', 'Christmas Island', '2023-03-09');
INSERT INTO customers (first_name, last_name, email, city, country, signup_date) VALUES ('Patricia', 'Stark', 'wpeck@wheeler.org', 'North Deborahton', 'Sudan', '2022-12-15');
INSERT INTO customers (first_name, last_name, email, city, country, signup_date) VALUES ('David', 'Knox', 'bonniefrazier@flynn-brown.com', 'Andrewfort', 'Netherlands', '2022-10-12');
INSERT INTO customers (first_name, last_name, email, city, country, signup_date) VALUES ('Jeremiah', 'Gonzalez', 'jessica06@yahoo.com', 'Gregorystad', 'Saint Barthelemy', '2022-06-09');
INSERT INTO customers (first_name, last_name, email, city, country, signup_date) VALUES ('Barbara', 'Clark', 'cgarner@bailey-harvey.com', 'Ashleyside', 'Canada', '2022-08-09');
INSERT INTO customers (first_name, last_name, email, city, country, signup_date) VALUES ('Tiffany', 'Graves', 'isaiah34@kidd.com', 'West Randyview', 'France', '2022-12-11');
INSERT INTO customers (first_name, last_name, email, city, country, signup_date) VALUES ('Crystal', 'Mason', 'markgates@warner.com', 'Bankshaven', 'Greenland', '2022-04-15');
INSERT INTO customers (first_name, last_name, email, city, country, signup_date) VALUES ('Michael', 'Welch', 'yorkjennifer@brown.com', 'Lake Tammy', 'Turkey', '2022-04-05');
INSERT INTO customers (first_name, last_name, email, city, country, signup_date) VALUES ('Blake', 'Hall', 'diamond97@stewart.com', 'East Tinafurt', 'Nigeria', '2023-01-25');
INSERT INTO customers (first_name, last_name, email, city, country, signup_date) VALUES ('Matthew', 'Coleman', 'jocelynwheeler@hotmail.com', 'Abbotttown', 'Thailand', '2022-04-10');
INSERT INTO customers (first_name, last_name, email, city, country, signup_date) VALUES ('Deborah', 'Morgan', 'smithkent@hotmail.com', 'New Danielview', 'Lebanon', '2023-01-03');
INSERT INTO customers (first_name, last_name, email, city, country, signup_date) VALUES ('Patricia', 'Johnson', 'lisaharding@parker.com', 'North Davidport', 'Aruba', '2022-12-19');
INSERT INTO customers (first_name, last_name, email, city, country, signup_date) VALUES ('Anthony', 'Gordon', 'katherineblanchard@hardy.com', 'Bakerfurt', 'Peru', '2023-09-11');
INSERT INTO customers (first_name, last_name, email, city, country, signup_date) VALUES ('Michael', 'Hodge', 'edward47@moreno.com', 'Alistad', 'Brunei Darussalam', '2022-09-28');
INSERT INTO customers (first_name, last_name, email, city, country, signup_date) VALUES ('Joanna', 'Taylor', 'clopez@quinn.com', 'Port Gary', 'Grenada', '2022-02-14');
INSERT INTO customers (first_name, last_name, email, city, country, signup_date) VALUES ('Brandon', 'Joyce', 'slong@gmail.com', 'Paulaburgh', 'Austria', '2023-04-16');
INSERT INTO customers (first_name, last_name, email, city, country, signup_date) VALUES ('Crystal', 'Gibson', 'angelamcneil@hotmail.com', 'Andrewburgh', 'Finland', '2023-07-04');
INSERT INTO customers (first_name, last_name, email, city, country, signup_date) VALUES ('Jamie', 'Mason', 'xfisher@gmail.com', 'Stanleymouth', 'Aruba', '2022-05-08');
INSERT INTO customers (first_name, last_name, email, city, country, signup_date) VALUES ('Anita', 'Mccormick', 'sean22@gmail.com', 'West Gabrielmouth', 'Isle of Man', '2023-01-23');
INSERT INTO customers (first_name, last_name, email, city, country, signup_date) VALUES ('Andrew', 'Johnson', 'watsonanne@gmail.com', 'Donnamouth', 'Guinea-Bissau', '2022-03-22');
INSERT INTO customers (first_name, last_name, email, city, country, signup_date) VALUES ('Michael', 'Cobb', 'howardandrew@andrews.biz', 'Port Jonathan', 'Malta', '2023-07-20');
INSERT INTO customers (first_name, last_name, email, city, country, signup_date) VALUES ('Karen', 'Hinton', 'robinsongabriela@yahoo.com', 'Lake Martinchester', 'Bangladesh', '2022-10-28');
INSERT INTO customers (first_name, last_name, email, city, country, signup_date) VALUES ('Tiffany', 'Wells', 'padillamary@hotmail.com', 'Finleystad', 'Uzbekistan', '2023-10-06');
INSERT INTO customers (first_name, last_name, email, city, country, signup_date) VALUES ('Yvette', 'Wells', 'andrea33@howard.com', 'Jonview', 'Sri Lanka', '2023-09-26');
INSERT INTO customers (first_name, last_name, email, city, country, signup_date) VALUES ('Michelle', 'Gutierrez', 'iritter@yahoo.com', 'Kaneland', 'Azerbaijan', '2023-01-06');
INSERT INTO customers (first_name, last_name, email, city, country, signup_date) VALUES ('Jeffrey', 'Clark', 'kbenjamin@bush.com', 'Nicholsonmouth', 'Burkina Faso', '2023-08-15');
INSERT INTO customers (first_name, last_name, email, city, country, signup_date) VALUES ('Wendy', 'Duncan', 'kelly34@yahoo.com', 'South Daniel', 'Portugal', '2022-07-16');
INSERT INTO customers (first_name, last_name, email, city, country, signup_date) VALUES ('Ryan', 'Hernandez', 'codypark@hotmail.com', 'Rosestad', 'Bolivia', '2023-12-23');
INSERT INTO customers (first_name, last_name, email, city, country, signup_date) VALUES ('Alexander', 'Shaw', 'porternicholas@hotmail.com', 'West Rebecca', 'Bangladesh', '2022-03-13');
INSERT INTO customers (first_name, last_name, email, city, country, signup_date) VALUES ('Tammy', 'Wallace', 'stevencarter@burton.com', 'South Kennethland', 'Tuvalu', '2022-02-16');
INSERT INTO customers (first_name, last_name, email, city, country, signup_date) VALUES ('Martin', 'Williams', 'christine91@evans-novak.com', 'North Josehaven', 'American Samoa', '2023-11-09');
INSERT INTO customers (first_name, last_name, email, city, country, signup_date) VALUES ('Christopher', 'Moreno', 'ericaanderson@warner-pacheco.com', 'Port Robinfurt', 'Nauru', '2022-08-22');
INSERT INTO customers (first_name, last_name, email, city, country, signup_date) VALUES ('Daniel', 'Bowen', 'mbrown@yahoo.com', 'Tonyahaven', 'Guinea', '2022-10-24');
INSERT INTO customers (first_name, last_name, email, city, country, signup_date) VALUES ('Taylor', 'Jones', 'jacquelinereed@shaw-leon.biz', 'Gibbsfurt', 'Saint Vincent and the Grenadines', '2022-03-23');
INSERT INTO customers (first_name, last_name, email, city, country, signup_date) VALUES ('Brandi', 'Davis', 'johnsonandrew@yahoo.com', 'Susanhaven', 'Central African Republic', '2022-08-27');
INSERT INTO customers (first_name, last_name, email, city, country, signup_date) VALUES ('Michael', 'Adams', 'christinepowell@goodman.com', 'Larrybury', 'Croatia', '2022-04-14');
INSERT INTO customers (first_name, last_name, email, city, country, signup_date) VALUES ('Ryan', 'Bradford', 'oreid@rogers.com', 'Robertstad', 'Saint Vincent and the Grenadines', '2023-01-25');
INSERT INTO customers (first_name, last_name, email, city, country, signup_date) VALUES ('Erik', 'Miller', 'robinwelch@hotmail.com', 'Theresafort', 'Tajikistan', '2022-10-12');
INSERT INTO customers (first_name, last_name, email, city, country, signup_date) VALUES ('Lisa', 'Blevins', 'jackiemoore@hotmail.com', 'New Paul', 'Saint Lucia', '2023-04-10');
INSERT INTO customers (first_name, last_name, email, city, country, signup_date) VALUES ('Anna', 'Parsons', 'allenyvette@mason-williams.com', 'Mcclainland', 'Bulgaria', '2023-10-13');
INSERT INTO customers (first_name, last_name, email, city, country, signup_date) VALUES ('Michael', 'Jones', 'lawsonmichelle@gmail.com', 'South Robertchester', 'Lesotho', '2023-01-09');
INSERT INTO customers (first_name, last_name, email, city, country, signup_date) VALUES ('David', 'Hall', 'millerdeborah@evans.com', 'Jorgefurt', 'Myanmar', '2022-06-16');
INSERT INTO customers (first_name, last_name, email, city, country, signup_date) VALUES ('Todd', 'Evans', 'marshalldominique@swanson-wood.com', 'Brownshire', 'Togo', '2023-01-15');
INSERT INTO customers (first_name, last_name, email, city, country, signup_date) VALUES ('Melanie', 'Sellers', 'barreraamanda@garrett.com', 'Johnsonchester', 'Nigeria', '2022-12-30');
INSERT INTO customers (first_name, last_name, email, city, country, signup_date) VALUES ('Stephen', 'Williams', 'xgibbs@rivera.com', 'East Jennifer', 'Switzerland', '2022-08-03');
INSERT INTO customers (first_name, last_name, email, city, country, signup_date) VALUES ('Alexander', 'Mercado', 'jacksonmichelle@yahoo.com', 'Gordonchester', 'China', '2023-11-18');
INSERT INTO customers (first_name, last_name, email, city, country, signup_date) VALUES ('Leah', 'Palmer', 'daniellenelson@clements.com', 'West Davidton', 'Greece', '2022-10-01');
INSERT INTO customers (first_name, last_name, email, city, country, signup_date) VALUES ('Sarah', 'Rodriguez', 'crystaldaugherty@gmail.com', 'Loriton', 'United States Minor Outlying Islands', '2023-12-20');
INSERT INTO customers (first_name, last_name, email, city, country, signup_date) VALUES ('Stephen', 'Guzman', 'ferrellanne@brown-lawrence.info', 'Brandonmouth', 'Tunisia', '2023-12-01');
INSERT INTO customers (first_name, last_name, email, city, country, signup_date) VALUES ('Michael', 'Sullivan', 'davismatthew@gmail.com', 'Julialand', 'Solomon Islands', '2023-10-26');
INSERT INTO customers (first_name, last_name, email, city, country, signup_date) VALUES ('Lisa', 'Robinson', 'kent46@smith.com', 'Robertborough', 'Aruba', '2022-03-15');
INSERT INTO customers (first_name, last_name, email, city, country, signup_date) VALUES ('William', 'Mckee', 'haleylaura@stein.com', 'Lake Tina', 'Croatia', '2023-09-16');
INSERT INTO customers (first_name, last_name, email, city, country, signup_date) VALUES ('Megan', 'Flores', 'kelly31@yahoo.com', 'Lake Melissa', 'Saint Martin', '2023-10-13');
INSERT INTO customers (first_name, last_name, email, city, country, signup_date) VALUES ('Sabrina', 'Hawkins', 'taramartin@yahoo.com', 'Kerryberg', 'Bouvet Island (Bouvetoya)', '2022-06-25');
INSERT INTO customers (first_name, last_name, email, city, country, signup_date) VALUES ('Christopher', 'Mclean', 'davidwilliams@gmail.com', 'South Rebeccabury', 'Suriname', '2023-07-01');
INSERT INTO customers (first_name, last_name, email, city, country, signup_date) VALUES ('Erika', 'Knight', 'gregoryjohnson@yahoo.com', 'Lindaport', 'Nicaragua', '2022-09-08');
INSERT INTO customers (first_name, last_name, email, city, country, signup_date) VALUES ('Anita', 'Fletcher', 'nyoung@sanchez.info', 'Neilborough', 'Anguilla', '2022-06-17');
INSERT INTO customers (first_name, last_name, email, city, country, signup_date) VALUES ('David', 'May', 'nicole04@walls.org', 'South Dale', 'Falkland Islands (Malvinas)', '2023-04-19');
INSERT INTO customers (first_name, last_name, email, city, country, signup_date) VALUES ('Tanya', 'Bennett', 'pricejames@gmail.com', 'West Donald', 'Bangladesh', '2023-01-24');
INSERT INTO customers (first_name, last_name, email, city, country, signup_date) VALUES ('Jerome', 'Martin', 'christophercasey@stone-bennett.com', 'Williamsville', 'Anguilla', '2022-10-04');
INSERT INTO customers (first_name, last_name, email, city, country, signup_date) VALUES ('Julie', 'Payne', 'kelsey72@yahoo.com', 'Lake Christopher', 'Cook Islands', '2023-10-18');
INSERT INTO customers (first_name, last_name, email, city, country, signup_date) VALUES ('Kimberly', 'Stewart', 'jenniferbruce@hotmail.com', 'West Thomas', 'Mayotte', '2023-12-06');
INSERT INTO customers (first_name, last_name, email, city, country, signup_date) VALUES ('Cheryl', 'Fleming', 'padillamichelle@yahoo.com', 'Reevesmouth', 'Saint Barthelemy', '2023-07-25');
INSERT INTO customers (first_name, last_name, email, city, country, signup_date) VALUES ('James', 'Barrera', 'ncoleman@yahoo.com', 'Pamelaborough', 'Senegal', '2022-08-13');
INSERT INTO customers (first_name, last_name, email, city, country, signup_date) VALUES ('Alan', 'Lee', 'olsonmark@hotmail.com', 'West Belindaport', 'Ireland', '2023-12-03');
INSERT INTO customers (first_name, last_name, email, city, country, signup_date) VALUES ('Carlos', 'Jimenez', 'howardvanessa@gmail.com', 'North Ashley', 'French Guiana', '2022-11-29');
-- Insert sample data into products
INSERT INTO products (name, category, price, stock_quantity) VALUES ('Electronics Product 2', 'Electronics', 122.23, 26);
INSERT INTO products (name, category, price, stock_quantity) VALUES ('Electronics Product 3', 'Home Appliances', 206.57, 43);
INSERT INTO products (name, category, price, stock_quantity) VALUES ('Electronics Product 4', 'Electronics', 457.44, 300);
INSERT INTO products (name, category, price, stock_quantity) VALUES ('Electronics Product 5', 'Accessories', 164.19, 345);
INSERT INTO products (name, category, price, stock_quantity) VALUES ('Electronics Product 6', 'Home Appliances', 203.86, 478);
INSERT INTO products (name, category, price, stock_quantity) VALUES ('Electronics Product 7', 'Accessories', 234.84, 145);
INSERT INTO products (name, category, price, stock_quantity) VALUES ('Electronics Product 8', 'Electronics', 130.85, 297);
INSERT INTO products (name, category, price, stock_quantity) VALUES ('Electronics Product 9', 'Accessories', 138.74, 309);
INSERT INTO products (name, category, price, stock_quantity) VALUES ('Electronics Product 10', 'Home Appliances', 449.93, 214);
INSERT INTO products (name, category, price, stock_quantity) VALUES ('Electronics Product 11', 'Home Appliances', 117.47, 80);
INSERT INTO products (name, category, price, stock_quantity) VALUES ('Electronics Product 12', 'Accessories', 251.82, 396);
INSERT INTO products (name, category, price, stock_quantity) VALUES ('Electronics Product 13', 'Electronics', 431.94, 88);
INSERT INTO products (name, category, price, stock_quantity) VALUES ('Electronics Product 14', 'Accessories', 88.39, 358);
INSERT INTO products (name, category, price, stock_quantity) VALUES ('Electronics Product 15', 'Home Appliances', 302.24, 207);
INSERT INTO products (name, category, price, stock_quantity) VALUES ('Electronics Product 16', 'Home Appliances', 301.99, 249);
INSERT INTO products (name, category, price, stock_quantity) VALUES ('Electronics Product 17', 'Accessories', 133.19, 293);
INSERT INTO products (name, category, price, stock_quantity) VALUES ('Electronics Product 18', 'Electronics', 343.34, 68);
INSERT INTO products (name, category, price, stock_quantity) VALUES ('Electronics Product 19', 'Accessories', 443.55, 394);
INSERT INTO products (name, category, price, stock_quantity) VALUES ('Electronics Product 20', 'Home Appliances', 386.61, 184);
INSERT INTO products (name, category, price, stock_quantity) VALUES ('Electronics Product 21', 'Electronics', 153.82, 90);
INSERT INTO products (name, category, price, stock_quantity) VALUES ('Electronics Product 22', 'Home Appliances', 11.59, 379);
INSERT INTO products (name, category, price, stock_quantity) VALUES ('Electronics Product 23', 'Accessories', 139.06, 266);
INSERT INTO products (name, category, price, stock_quantity) VALUES ('Electronics Product 24', 'Electronics', 258.76, 64);
INSERT INTO products (name, category, price, stock_quantity) VALUES ('Electronics Product 25', 'Accessories', 156.24, 337);
INSERT INTO products (name, category, price, stock_quantity) VALUES ('Electronics Product 26', 'Accessories', 308.4, 88);
INSERT INTO products (name, category, price, stock_quantity) VALUES ('Electronics Product 27', 'Home Appliances', 383.63, 286);
INSERT INTO products (name, category, price, stock_quantity) VALUES ('Electronics Product 28', 'Accessories', 460.06, 316);
INSERT INTO products (name, category, price, stock_quantity) VALUES ('Electronics Product 29', 'Home Appliances', 249.42, 67);
INSERT INTO products (name, category, price, stock_quantity) VALUES ('Electronics Product 30', 'Home Appliances', 440.57, 435);
INSERT INTO products (name, category, price, stock_quantity) VALUES ('Electronics Product 31', 'Home Appliances', 127.33, 133);
INSERT INTO products (name, category, price, stock_quantity) VALUES ('Electronics Product 32', 'Accessories', 474.01, 53);
INSERT INTO products (name, category, price, stock_quantity) VALUES ('Electronics Product 33', 'Accessories', 248.14, 45);
INSERT INTO products (name, category, price, stock_quantity) VALUES ('Electronics Product 34', 'Accessories', 385.26, 75);
INSERT INTO products (name, category, price, stock_quantity) VALUES ('Home Appliances Product 1', 'Accessories', 242.89, 291);
INSERT INTO products (name, category, price, stock_quantity) VALUES ('Home Appliances Product 2', 'Electronics', 139.88, 456);
INSERT INTO products (name, category, price, stock_quantity) VALUES ('Home Appliances Product 3', 'Accessories', 217.34, 118);
INSERT INTO products (name, category, price, stock_quantity) VALUES ('Home Appliances Product 4', 'Accessories', 380.08, 363);
INSERT INTO products (name, category, price, stock_quantity) VALUES ('Home Appliances Product 5', 'Electronics', 359.34, 214);
INSERT INTO products (name, category, price, stock_quantity) VALUES ('Home Appliances Product 6', 'Accessories', 328.44, 234);
INSERT INTO products (name, category, price, stock_quantity) VALUES ('Home Appliances Product 7', 'Accessories', 231.23, 136);
INSERT INTO products (name, category, price, stock_quantity) VALUES ('Home Appliances Product 8', 'Electronics', 41.37, 20);
INSERT INTO products (name, category, price, stock_quantity) VALUES ('Home Appliances Product 9', 'Accessories', 281.42, 311);
INSERT INTO products (name, category, price, stock_quantity) VALUES ('Home Appliances Product 10', 'Electronics', 13.52, 372);
INSERT INTO products (name, category, price, stock_quantity) VALUES ('Home Appliances Product 11', 'Accessories', 38.85, 44);
INSERT INTO products (name, category, price, stock_quantity) VALUES ('Home Appliances Product 12', 'Electronics', 431.22, 46);
INSERT INTO products (name, category, price, stock_quantity) VALUES ('Home Appliances Product 13', 'Accessories', 126.62, 352);
INSERT INTO products (name, category, price, stock_quantity) VALUES ('Home Appliances Product 14', 'Home Appliances', 114.98, 77);
INSERT INTO products (name, category, price, stock_quantity) VALUES ('Home Appliances Product 15', 'Accessories', 468.4, 302);
INSERT INTO products (name, category, price, stock_quantity) VALUES ('Home Appliances Product 16', 'Accessories', 241.61, 411);
INSERT INTO products (name, category, price, stock_quantity) VALUES ('Home Appliances Product 17', 'Home Appliances', 405.67, 107);
INSERT INTO products (name, category, price, stock_quantity) VALUES ('Home Appliances Product 18', 'Electronics', 57.5, 230);
INSERT INTO products (name, category, price, stock_quantity) VALUES ('Home Appliances Product 19', 'Home Appliances', 217.55, 249);
INSERT INTO products (name, category, price, stock_quantity) VALUES ('Home Appliances Product 20', 'Accessories', 36.54, 344);
INSERT INTO products (name, category, price, stock_quantity) VALUES ('Home Appliances Product 21', 'Accessories', 58.22, 216);
INSERT INTO products (name, category, price, stock_quantity) VALUES ('Home Appliances Product 22', 'Accessories', 176.26, 451);
INSERT INTO products (name, category, price, stock_quantity) VALUES ('Home Appliances Product 23', 'Electronics', 131.84, 107);
INSERT INTO products (name, category, price, stock_quantity) VALUES ('Home Appliances Product 24', 'Accessories', 229.82, 226);
INSERT INTO products (name, category, price, stock_quantity) VALUES ('Home Appliances Product 25', 'Electronics', 146.49, 137);
INSERT INTO products (name, category, price, stock_quantity) VALUES ('Home Appliances Product 26', 'Electronics', 227.13, 451);
INSERT INTO products (name, category, price, stock_quantity) VALUES ('Home Appliances Product 27', 'Accessories', 57.98, 343);
INSERT INTO products (name, category, price, stock_quantity) VALUES ('Home Appliances Product 28', 'Accessories', 419.65, 57);
INSERT INTO products (name, category, price, stock_quantity) VALUES ('Home Appliances Product 29', 'Electronics', 91.49, 258);
INSERT INTO products (name, category, price, stock_quantity) VALUES ('Home Appliances Product 30', 'Home Appliances', 114.74, 215);
INSERT INTO products (name, category, price, stock_quantity) VALUES ('Home Appliances Product 31', 'Electronics', 90.67, 11);
INSERT INTO products (name, category, price, stock_quantity) VALUES ('Home Appliances Product 32', 'Home Appliances', 139.95, 411);
INSERT INTO products (name, category, price, stock_quantity) VALUES ('Home Appliances Product 33', 'Home Appliances', 149.77, 366);
INSERT INTO products (name, category, price, stock_quantity) VALUES ('Home Appliances Product 34', 'Accessories', 497.76, 294);
INSERT INTO products (name, category, price, stock_quantity) VALUES ('Accessories Product 1', 'Accessories', 362.02, 89);
INSERT INTO products (name, category, price, stock_quantity) VALUES ('Accessories Product 2', 'Electronics', 155.39, 39);
INSERT INTO products (name, category, price, stock_quantity) VALUES ('Accessories Product 3', 'Accessories', 370.51, 41);
INSERT INTO products (name, category, price, stock_quantity) VALUES ('Accessories Product 4', 'Accessories', 163.67, 35);
INSERT INTO products (name, category, price, stock_quantity) VALUES ('Accessories Product 5', 'Accessories', 243.63, 480);
INSERT INTO products (name, category, price, stock_quantity) VALUES ('Accessories Product 6', 'Accessories', 87.14, 270);
INSERT INTO products (name, category, price, stock_quantity) VALUES ('Accessories Product 7', 'Electronics', 427.16, 45);
INSERT INTO products (name, category, price, stock_quantity) VALUES ('Accessories Product 8', 'Accessories', 43.3, 451);
INSERT INTO products (name, category, price, stock_quantity) VALUES ('Accessories Product 9', 'Electronics', 207.85, 492);
INSERT INTO products (name, category, price, stock_quantity) VALUES ('Accessories Product 10', 'Accessories', 130.65, 314);
INSERT INTO products (name, category, price, stock_quantity) VALUES ('Accessories Product 11', 'Electronics', 313.5, 224);
INSERT INTO products (name, category, price, stock_quantity) VALUES ('Accessories Product 12', 'Accessories', 296.0, 277);
INSERT INTO products (name, category, price, stock_quantity) VALUES ('Accessories Product 13', 'Home Appliances', 468.01, 114);
INSERT INTO products (name, category, price, stock_quantity) VALUES ('Accessories Product 14', 'Accessories', 360.93, 132);
INSERT INTO products (name, category, price, stock_quantity) VALUES ('Accessories Product 15', 'Home Appliances', 203.94, 353);
INSERT INTO products (name, category, price, stock_quantity) VALUES ('Accessories Product 16', 'Accessories', 157.0, 171);
INSERT INTO products (name, category, price, stock_quantity) VALUES ('Accessories Product 17', 'Electronics', 14.56, 328);
INSERT INTO products (name, category, price, stock_quantity) VALUES ('Accessories Product 18', 'Accessories', 498.09, 47);
INSERT INTO products (name, category, price, stock_quantity) VALUES ('Accessories Product 19', 'Accessories', 114.45, 145);
INSERT INTO products (name, category, price, stock_quantity) VALUES ('Accessories Product 20', 'Electronics', 467.3, 461);
INSERT INTO products (name, category, price, stock_quantity) VALUES ('Accessories Product 21', 'Electronics', 440.84, 199);
INSERT INTO products (name, category, price, stock_quantity) VALUES ('Accessories Product 22', 'Home Appliances', 87.3, 436);
INSERT INTO products (name, category, price, stock_quantity) VALUES ('Accessories Product 23', 'Accessories', 354.73, 323);
INSERT INTO products (name, category, price, stock_quantity) VALUES ('Accessories Product 24', 'Accessories', 269.18, 351);
INSERT INTO products (name, category, price, stock_quantity) VALUES ('Accessories Product 25', 'Accessories', 156.7, 349);
INSERT INTO products (name, category, price, stock_quantity) VALUES ('Accessories Product 26', 'Electronics', 470.08, 78);
INSERT INTO products (name, category, price, stock_quantity) VALUES ('Accessories Product 27', 'Home Appliances', 66.56, 64);
INSERT INTO products (name, category, price, stock_quantity) VALUES ('Accessories Product 28', 'Accessories', 281.08, 149);
INSERT INTO products (name, category, price, stock_quantity) VALUES ('Accessories Product 29', 'Home Appliances', 306.37, 377);
INSERT INTO products (name, category, price, stock_quantity) VALUES ('Accessories Product 30', 'Home Appliances', 109.76, 334);
INSERT INTO products (name, category, price, stock_quantity) VALUES ('Accessories Product 31', 'Home Appliances', 257.65, 138);
INSERT INTO products (name, category, price, stock_quantity) VALUES ('Accessories Product 32', 'Electronics', 55.23, 226);
INSERT INTO products (name, category, price, stock_quantity) VALUES ('Accessories Product 33', 'Home Appliances', 31.6, 180);
-- Insert sample data into orders
INSERT INTO orders (customer_id, order_date, status) VALUES (99, '2023-03-08', 'Shipped');
INSERT INTO orders (customer_id, order_date, status) VALUES (21, '2023-08-15', 'Cancelled');
INSERT INTO orders (customer_id, order_date, status) VALUES (72, '2023-01-05', 'Completed');
INSERT INTO orders (customer_id, order_date, status) VALUES (10, '2023-12-20', 'Pending');
INSERT INTO orders (customer_id, order_date, status) VALUES (70, '2023-01-19', 'Shipped');
INSERT INTO orders (customer_id, order_date, status) VALUES (75, '2023-10-10', 'Pending');
INSERT INTO orders (customer_id, order_date, status) VALUES (56, '2023-03-07', 'Completed');
INSERT INTO orders (customer_id, order_date, status) VALUES (40, '2023-07-06', 'Completed');
INSERT INTO orders (customer_id, order_date, status) VALUES (46, '2023-04-18', 'Pending');
INSERT INTO orders (customer_id, order_date, status) VALUES (86, '2023-02-22', 'Shipped');
INSERT INTO orders (customer_id, order_date, status) VALUES (100, '2023-10-14', 'Cancelled');
INSERT INTO orders (customer_id, order_date, status) VALUES (80, '2023-03-21', 'Pending');
INSERT INTO orders (customer_id, order_date, status) VALUES (21, '2023-04-01', 'Cancelled');
INSERT INTO orders (customer_id, order_date, status) VALUES (4, '2023-04-02', 'Shipped');
INSERT INTO orders (customer_id, order_date, status) VALUES (53, '2023-12-09', 'Pending');
INSERT INTO orders (customer_id, order_date, status) VALUES (35, '2023-03-23', 'Completed');
INSERT INTO orders (customer_id, order_date, status) VALUES (49, '2023-01-20', 'Cancelled');
INSERT INTO orders (customer_id, order_date, status) VALUES (29, '2023-04-13', 'Cancelled');
INSERT INTO orders (customer_id, order_date, status) VALUES (45, '2023-06-06', 'Pending');
INSERT INTO orders (customer_id, order_date, status) VALUES (29, '2023-01-13', 'Pending');
INSERT INTO orders (customer_id, order_date, status) VALUES (52, '2023-06-18', 'Shipped');
INSERT INTO orders (customer_id, order_date, status) VALUES (9, '2023-05-23', 'Shipped');
INSERT INTO orders (customer_id, order_date, status) VALUES (83, '2023-09-18', 'Cancelled');
INSERT INTO orders (customer_id, order_date, status) VALUES (87, '2023-10-02', 'Shipped');
INSERT INTO orders (customer_id, order_date, status) VALUES (4, '2023-03-01', 'Shipped');
INSERT INTO orders (customer_id, order_date, status) VALUES (23, '2023-10-25', 'Shipped');
INSERT INTO orders (customer_id, order_date, status) VALUES (5, '2023-02-25', 'Cancelled');
INSERT INTO orders (customer_id, order_date, status) VALUES (45, '2023-06-10', 'Cancelled');
INSERT INTO orders (customer_id, order_date, status) VALUES (78, '2023-09-19', 'Completed');
INSERT INTO orders (customer_id, order_date, status) VALUES (50, '2023-10-23', 'Pending');
INSERT INTO orders (customer_id, order_date, status) VALUES (33, '2023-01-23', 'Cancelled');
INSERT INTO orders (customer_id, order_date, status) VALUES (1, '2023-09-24', 'Pending');
INSERT INTO orders (customer_id, order_date, status) VALUES (47, '2023-08-09', 'Completed');
INSERT INTO orders (customer_id, order_date, status) VALUES (86, '2023-06-19', 'Shipped');
INSERT INTO orders (customer_id, order_date, status) VALUES (85, '2023-03-05', 'Shipped');
INSERT INTO orders (customer_id, order_date, status) VALUES (65, '2023-06-08', 'Cancelled');
INSERT INTO orders (customer_id, order_date, status) VALUES (42, '2023-07-26', 'Shipped');
INSERT INTO orders (customer_id, order_date, status) VALUES (71, '2023-03-07', 'Pending');
INSERT INTO orders (customer_id, order_date, status) VALUES (54, '2023-12-07', 'Cancelled');
INSERT INTO orders (customer_id, order_date, status) VALUES (87, '2023-03-31', 'Shipped');
INSERT INTO orders (customer_id, order_date, status) VALUES (52, '2023-10-08', 'Completed');
INSERT INTO orders (customer_id, order_date, status) VALUES (39, '2023-05-27', 'Pending');
INSERT INTO orders (customer_id, order_date, status) VALUES (56, '2023-10-24', 'Shipped');
INSERT INTO orders (customer_id, order_date, status) VALUES (60, '2023-08-15', 'Cancelled');
INSERT INTO orders (customer_id, order_date, status) VALUES (87, '2023-04-20', 'Cancelled');
INSERT INTO orders (customer_id, order_date, status) VALUES (95, '2023-03-28', 'Completed');
INSERT INTO orders (customer_id, order_date, status) VALUES (37, '2023-09-21', 'Shipped');
INSERT INTO orders (customer_id, order_date, status) VALUES (12, '2023-05-01', 'Shipped');
INSERT INTO orders (customer_id, order_date, status) VALUES (29, '2023-04-12', 'Pending');
INSERT INTO orders (customer_id, order_date, status) VALUES (4, '2023-01-24', 'Pending');
INSERT INTO orders (customer_id, order_date, status) VALUES (61, '2023-11-09', 'Completed');
INSERT INTO orders (customer_id, order_date, status) VALUES (59, '2023-08-01', 'Pending');
INSERT INTO orders (customer_id, order_date, status) VALUES (92, '2023-12-23', 'Cancelled');
INSERT INTO orders (customer_id, order_date, status) VALUES (64, '2023-07-24', 'Pending');
INSERT INTO orders (customer_id, order_date, status) VALUES (19, '2023-12-02', 'Completed');
INSERT INTO orders (customer_id, order_date, status) VALUES (97, '2023-02-24', 'Cancelled');
INSERT INTO orders (customer_id, order_date, status) VALUES (29, '2023-04-01', 'Cancelled');
INSERT INTO orders (customer_id, order_date, status) VALUES (7, '2023-10-13', 'Pending');
INSERT INTO orders (customer_id, order_date, status) VALUES (16, '2023-08-22', 'Pending');
INSERT INTO orders (customer_id, order_date, status) VALUES (60, '2023-12-08', 'Shipped');
INSERT INTO orders (customer_id, order_date, status) VALUES (97, '2023-08-15', 'Cancelled');
INSERT INTO orders (customer_id, order_date, status) VALUES (71, '2023-08-17', 'Pending');
INSERT INTO orders (customer_id, order_date, status) VALUES (96, '2023-09-01', 'Cancelled');
INSERT INTO orders (customer_id, order_date, status) VALUES (34, '2023-05-07', 'Shipped');
INSERT INTO orders (customer_id, order_date, status) VALUES (99, '2023-09-24', 'Cancelled');
INSERT INTO orders (customer_id, order_date, status) VALUES (81, '2023-05-03', 'Shipped');
INSERT INTO orders (customer_id, order_date, status) VALUES (57, '2023-02-09', 'Shipped');
INSERT INTO orders (customer_id, order_date, status) VALUES (31, '2023-05-20', 'Shipped');
INSERT INTO orders (customer_id, order_date, status) VALUES (41, '2023-10-04', 'Completed');
INSERT INTO orders (customer_id, order_date, status) VALUES (18, '2023-03-19', 'Pending');
INSERT INTO orders (customer_id, order_date, status) VALUES (50, '2023-12-22', 'Pending');
INSERT INTO orders (customer_id, order_date, status) VALUES (91, '2023-04-20', 'Completed');
INSERT INTO orders (customer_id, order_date, status) VALUES (54, '2023-07-28', 'Shipped');
INSERT INTO orders (customer_id, order_date, status) VALUES (70, '2023-08-27', 'Cancelled');
INSERT INTO orders (customer_id, order_date, status) VALUES (8, '2023-04-16', 'Cancelled');
INSERT INTO orders (customer_id, order_date, status) VALUES (50, '2023-10-27', 'Completed');
INSERT INTO orders (customer_id, order_date, status) VALUES (98, '2023-10-22', 'Cancelled');
INSERT INTO orders (customer_id, order_date, status) VALUES (62, '2023-01-04', 'Shipped');
INSERT INTO orders (customer_id, order_date, status) VALUES (39, '2023-07-19', 'Cancelled');
INSERT INTO orders (customer_id, order_date, status) VALUES (69, '2023-10-07', 'Pending');
INSERT INTO orders (customer_id, order_date, status) VALUES (63, '2023-04-23', 'Shipped');
INSERT INTO orders (customer_id, order_date, status) VALUES (56, '2023-09-06', 'Completed');
INSERT INTO orders (customer_id, order_date, status) VALUES (50, '2023-06-22', 'Cancelled');
INSERT INTO orders (customer_id, order_date, status) VALUES (93, '2023-03-26', 'Cancelled');
INSERT INTO orders (customer_id, order_date, status) VALUES (17, '2023-11-15', 'Completed');
INSERT INTO orders (customer_id, order_date, status) VALUES (51, '2023-10-31', 'Completed');
INSERT INTO orders (customer_id, order_date, status) VALUES (11, '2023-11-26', 'Cancelled');
INSERT INTO orders (customer_id, order_date, status) VALUES (18, '2023-08-25', 'Pending');
INSERT INTO orders (customer_id, order_date, status) VALUES (7, '2023-05-14', 'Cancelled');
INSERT INTO orders (customer_id, order_date, status) VALUES (42, '2023-04-19', 'Cancelled');
INSERT INTO orders (customer_id, order_date, status) VALUES (42, '2023-06-22', 'Cancelled');
INSERT INTO orders (customer_id, order_date, status) VALUES (36, '2023-08-04', 'Shipped');
INSERT INTO orders (customer_id, order_date, status) VALUES (11, '2023-08-29', 'Completed');
INSERT INTO orders (customer_id, order_date, status) VALUES (96, '2023-10-04', 'Completed');
INSERT INTO orders (customer_id, order_date, status) VALUES (45, '2023-04-25', 'Completed');
INSERT INTO orders (customer_id, order_date, status) VALUES (100, '2023-11-30', 'Completed');
INSERT INTO orders (customer_id, order_date, status) VALUES (97, '2023-01-16', 'Pending');
INSERT INTO orders (customer_id, order_date, status) VALUES (26, '2023-01-11', 'Pending');
INSERT INTO orders (customer_id, order_date, status) VALUES (31, '2023-03-06', 'Cancelled');
INSERT INTO orders (customer_id, order_date, status) VALUES (86, '2023-02-28', 'Pending');
-- Insert sample data into order_items
INSERT INTO order_items (order_id, product_id, quantity, price) VALUES (60, 90, 3, 385.78);
INSERT INTO order_items (order_id, product_id, quantity, price) VALUES (22, 78, 5, 482.23);
INSERT INTO order_items (order_id, product_id, quantity, price) VALUES (92, 15, 2, 482.71);
INSERT INTO order_items (order_id, product_id, quantity, price) VALUES (14, 75, 1, 465.15);
INSERT INTO order_items (order_id, product_id, quantity, price) VALUES (74, 87, 4, 204.36);
INSERT INTO order_items (order_id, product_id, quantity, price) VALUES (92, 26, 1, 300.13);
INSERT INTO order_items (order_id, product_id, quantity, price) VALUES (81, 32, 1, 351.62);
INSERT INTO order_items (order_id, product_id, quantity, price) VALUES (39, 88, 5, 404.71);
INSERT INTO order_items (order_id, product_id, quantity, price) VALUES (73, 6, 3, 271.05);
INSERT INTO order_items (order_id, product_id, quantity, price) VALUES (85, 48, 1, 257.92);
INSERT INTO order_items (order_id, product_id, quantity, price) VALUES (44, 2, 4, 412.94);
INSERT INTO order_items (order_id, product_id, quantity, price) VALUES (14, 56, 3, 321.44);
INSERT INTO order_items (order_id, product_id, quantity, price) VALUES (59, 91, 2, 223.39);
INSERT INTO order_items (order_id, product_id, quantity, price) VALUES (94, 67, 3, 311.8);
INSERT INTO order_items (order_id, product_id, quantity, price) VALUES (69, 100, 4, 237.79);
INSERT INTO order_items (order_id, product_id, quantity, price) VALUES (94, 76, 3, 167.93);
INSERT INTO order_items (order_id, product_id, quantity, price) VALUES (32, 12, 3, 442.0);
INSERT INTO order_items (order_id, product_id, quantity, price) VALUES (32, 97, 4, 289.23);
INSERT INTO order_items (order_id, product_id, quantity, price) VALUES (86, 49, 3, 24.06);
INSERT INTO order_items (order_id, product_id, quantity, price) VALUES (42, 24, 4, 113.94);
INSERT INTO order_items (order_id, product_id, quantity, price) VALUES (34, 44, 3, 441.36);
INSERT INTO order_items (order_id, product_id, quantity, price) VALUES (90, 36, 5, 14.97);
INSERT INTO order_items (order_id, product_id, quantity, price) VALUES (25, 11, 2, 362.84);
INSERT INTO order_items (order_id, product_id, quantity, price) VALUES (63, 72, 2, 348.4);
INSERT INTO order_items (order_id, product_id, quantity, price) VALUES (83, 92, 4, 229.61);
INSERT INTO order_items (order_id, product_id, quantity, price) VALUES (3, 12, 3, 118.58);
INSERT INTO order_items (order_id, product_id, quantity, price) VALUES (89, 32, 3, 335.34);
INSERT INTO order_items (order_id, product_id, quantity, price) VALUES (48, 61, 5, 270.15);
INSERT INTO order_items (order_id, product_id, quantity, price) VALUES (55, 96, 5, 172.09);
INSERT INTO order_items (order_id, product_id, quantity, price) VALUES (90, 59, 3, 160.25);
INSERT INTO order_items (order_id, product_id, quantity, price) VALUES (30, 16, 2, 164.62);
INSERT INTO order_items (order_id, product_id, quantity, price) VALUES (96, 69, 2, 103.86);
INSERT INTO order_items (order_id, product_id, quantity, price) VALUES (95, 62, 3, 365.05);
INSERT INTO order_items (order_id, product_id, quantity, price) VALUES (98, 68, 5, 148.67);
INSERT INTO order_items (order_id, product_id, quantity, price) VALUES (13, 25, 3, 121.47);
INSERT INTO order_items (order_id, product_id, quantity, price) VALUES (23, 39, 1, 356.93);
INSERT INTO order_items (order_id, product_id, quantity, price) VALUES (17, 36, 1, 487.4);
INSERT INTO order_items (order_id, product_id, quantity, price) VALUES (71, 38, 2, 322.56);
INSERT INTO order_items (order_id, product_id, quantity, price) VALUES (97, 63, 1, 437.63);
INSERT INTO order_items (order_id, product_id, quantity, price) VALUES (74, 37, 4, 244.57);
INSERT INTO order_items (order_id, product_id, quantity, price) VALUES (44, 24, 1, 133.71);
INSERT INTO order_items (order_id, product_id, quantity, price) VALUES (62, 15, 1, 206.35);
INSERT INTO order_items (order_id, product_id, quantity, price) VALUES (10, 74, 1, 84.35);
INSERT INTO order_items (order_id, product_id, quantity, price) VALUES (73, 39, 1, 497.02);
INSERT INTO order_items (order_id, product_id, quantity, price) VALUES (16, 72, 4, 307.1);
INSERT INTO order_items (order_id, product_id, quantity, price) VALUES (80, 29, 5, 196.39);
INSERT INTO order_items (order_id, product_id, quantity, price) VALUES (57, 39, 5, 495.12);
INSERT INTO order_items (order_id, product_id, quantity, price) VALUES (40, 73, 5, 39.51);
INSERT INTO order_items (order_id, product_id, quantity, price) VALUES (95, 13, 2, 316.5);
INSERT INTO order_items (order_id, product_id, quantity, price) VALUES (34, 85, 1, 86.96);
INSERT INTO order_items (order_id, product_id, quantity, price) VALUES (23, 71, 1, 86.7);
INSERT INTO order_items (order_id, product_id, quantity, price) VALUES (53, 58, 5, 240.26);
INSERT INTO order_items (order_id, product_id, quantity, price) VALUES (5, 30, 3, 356.41);
INSERT INTO order_items (order_id, product_id, quantity, price) VALUES (90, 59, 1, 346.82);
INSERT INTO order_items (order_id, product_id, quantity, price) VALUES (34, 81, 5, 333.98);
INSERT INTO order_items (order_id, product_id, quantity, price) VALUES (26, 55, 1, 276.84);
INSERT INTO order_items (order_id, product_id, quantity, price) VALUES (83, 20, 3, 415.05);
INSERT INTO order_items (order_id, product_id, quantity, price) VALUES (10, 8, 2, 398.39);
INSERT INTO order_items (order_id, product_id, quantity, price) VALUES (77, 96, 5, 461.38);
INSERT INTO order_items (order_id, product_id, quantity, price) VALUES (57, 16, 4, 347.45);
INSERT INTO order_items (order_id, product_id, quantity, price) VALUES (90, 52, 3, 255.23);
INSERT INTO order_items (order_id, product_id, quantity, price) VALUES (64, 57, 1, 303.04);
INSERT INTO order_items (order_id, product_id, quantity, price) VALUES (56, 95, 3, 305.82);
INSERT INTO order_items (order_id, product_id, quantity, price) VALUES (4, 12, 2, 481.34);
INSERT INTO order_items (order_id, product_id, quantity, price) VALUES (74, 76, 1, 499.79);
INSERT INTO order_items (order_id, product_id, quantity, price) VALUES (87, 35, 5, 29.71);
INSERT INTO order_items (order_id, product_id, quantity, price) VALUES (97, 23, 4, 264.29);
INSERT INTO order_items (order_id, product_id, quantity, price) VALUES (57, 36, 2, 498.5);
INSERT INTO order_items (order_id, product_id, quantity, price) VALUES (56, 82, 4, 484.84);
INSERT INTO order_items (order_id, product_id, quantity, price) VALUES (61, 45, 4, 173.32);
INSERT INTO order_items (order_id, product_id, quantity, price) VALUES (86, 14, 2, 171.6);
INSERT INTO order_items (order_id, product_id, quantity, price) VALUES (89, 64, 3, 334.67);
INSERT INTO order_items (order_id, product_id, quantity, price) VALUES (52, 98, 5, 27.98);
INSERT INTO order_items (order_id, product_id, quantity, price) VALUES (12, 41, 3, 168.4);
INSERT INTO order_items (order_id, product_id, quantity, price) VALUES (99, 52, 5, 414.21);
INSERT INTO order_items (order_id, product_id, quantity, price) VALUES (1, 85, 5, 236.37);
INSERT INTO order_items (order_id, product_id, quantity, price) VALUES (7, 25, 5, 187.27);
INSERT INTO order_items (order_id, product_id, quantity, price) VALUES (97, 64, 4, 382.4);
INSERT INTO order_items (order_id, product_id, quantity, price) VALUES (27, 35, 5, 74.2);
INSERT INTO order_items (order_id, product_id, quantity, price) VALUES (37, 57, 4, 69.5);
INSERT INTO order_items (order_id, product_id, quantity, price) VALUES (81, 78, 2, 357.79);
INSERT INTO order_items (order_id, product_id, quantity, price) VALUES (40, 71, 1, 280.6);
INSERT INTO order_items (order_id, product_id, quantity, price) VALUES (12, 29, 1, 236.11);
INSERT INTO order_items (order_id, product_id, quantity, price) VALUES (16, 83, 2, 254.2);
INSERT INTO order_items (order_id, product_id, quantity, price) VALUES (92, 38, 5, 355.65);
INSERT INTO order_items (order_id, product_id, quantity, price) VALUES (54, 62, 4, 129.43);
INSERT INTO order_items (order_id, product_id, quantity, price) VALUES (71, 19, 4, 103.4);
INSERT INTO order_items (order_id, product_id, quantity, price) VALUES (77, 66, 2, 433.37);
INSERT INTO order_items (order_id, product_id, quantity, price) VALUES (36, 99, 4, 176.54);
INSERT INTO order_items (order_id, product_id, quantity, price) VALUES (65, 35, 1, 148.59);
INSERT INTO order_items (order_id, product_id, quantity, price) VALUES (39, 76, 5, 499.46);
INSERT INTO order_items (order_id, product_id, quantity, price) VALUES (63, 20, 4, 273.9);
INSERT INTO order_items (order_id, product_id, quantity, price) VALUES (45, 43, 5, 383.81);
INSERT INTO order_items (order_id, product_id, quantity, price) VALUES (49, 59, 3, 436.1);
INSERT INTO order_items (order_id, product_id, quantity, price) VALUES (90, 31, 5, 197.66);
INSERT INTO order_items (order_id, product_id, quantity, price) VALUES (100, 53, 1, 165.91);
INSERT INTO order_items (order_id, product_id, quantity, price) VALUES (61, 91, 4, 199.18);
INSERT INTO order_items (order_id, product_id, quantity, price) VALUES (85, 84, 2, 252.71);
INSERT INTO order_items (order_id, product_id, quantity, price) VALUES (5, 17, 5, 483.02);
INSERT INTO order_items (order_id, product_id, quantity, price) VALUES (43, 13, 4, 58.86);
INSERT INTO order_items (order_id, product_id, quantity, price) VALUES (59, 2, 2, 210.89);
INSERT INTO order_items (order_id, product_id, quantity, price) VALUES (84, 20, 1, 240.05);
INSERT INTO order_items (order_id, product_id, quantity, price) VALUES (34, 44, 5, 349.43);
INSERT INTO order_items (order_id, product_id, quantity, price) VALUES (84, 11, 3, 427.65);
INSERT INTO order_items (order_id, product_id, quantity, price) VALUES (69, 49, 3, 317.13);
INSERT INTO order_items (order_id, product_id, quantity, price) VALUES (98, 63, 5, 27.59);
INSERT INTO order_items (order_id, product_id, quantity, price) VALUES (9, 31, 3, 498.74);
INSERT INTO order_items (order_id, product_id, quantity, price) VALUES (96, 12, 4, 489.39);
INSERT INTO order_items (order_id, product_id, quantity, price) VALUES (98, 82, 1, 227.4);
INSERT INTO order_items (order_id, product_id, quantity, price) VALUES (89, 39, 1, 32.54);
INSERT INTO order_items (order_id, product_id, quantity, price) VALUES (8, 38, 3, 193.67);
INSERT INTO order_items (order_id, product_id, quantity, price) VALUES (19, 32, 5, 211.91);
INSERT INTO order_items (order_id, product_id, quantity, price) VALUES (88, 24, 2, 95.78);
INSERT INTO order_items (order_id, product_id, quantity, price) VALUES (79, 49, 5, 344.74);
INSERT INTO order_items (order_id, product_id, quantity, price) VALUES (64, 75, 2, 123.77);
INSERT INTO order_items (order_id, product_id, quantity, price) VALUES (82, 33, 4, 135.11);
INSERT INTO order_items (order_id, product_id, quantity, price) VALUES (2, 60, 3, 342.03);
INSERT INTO order_items (order_id, product_id, quantity, price) VALUES (21, 10, 4, 473.17);
INSERT INTO order_items (order_id, product_id, quantity, price) VALUES (76, 39, 4, 348.25);
INSERT INTO order_items (order_id, product_id, quantity, price) VALUES (59, 39, 2, 499.69);
INSERT INTO order_items (order_id, product_id, quantity, price) VALUES (62, 14, 2, 196.87);
INSERT INTO order_items (order_id, product_id, quantity, price) VALUES (46, 74, 3, 496.42);
INSERT INTO order_items (order_id, product_id, quantity, price) VALUES (38, 3, 4, 144.5);
INSERT INTO order_items (order_id, product_id, quantity, price) VALUES (73, 88, 1, 456.2);
INSERT INTO order_items (order_id, product_id, quantity, price) VALUES (96, 64, 3, 390.11);
INSERT INTO order_items (order_id, product_id, quantity, price) VALUES (30, 78, 3, 117.31);
INSERT INTO order_items (order_id, product_id, quantity, price) VALUES (25, 80, 3, 342.1);
INSERT INTO order_items (order_id, product_id, quantity, price) VALUES (93, 99, 2, 317.84);
INSERT INTO order_items (order_id, product_id, quantity, price) VALUES (81, 83, 1, 161.38);
INSERT INTO order_items (order_id, product_id, quantity, price) VALUES (57, 5, 5, 188.78);
INSERT INTO order_items (order_id, product_id, quantity, price) VALUES (17, 12, 3, 170.09);
INSERT INTO order_items (order_id, product_id, quantity, price) VALUES (54, 23, 2, 74.76);
INSERT INTO order_items (order_id, product_id, quantity, price) VALUES (70, 47, 5, 255.88);
INSERT INTO order_items (order_id, product_id, quantity, price) VALUES (35, 22, 3, 457.88);
INSERT INTO order_items (order_id, product_id, quantity, price) VALUES (62, 38, 3, 404.07);
INSERT INTO order_items (order_id, product_id, quantity, price) VALUES (60, 10, 2, 379.53);
INSERT INTO order_items (order_id, product_id, quantity, price) VALUES (29, 87, 4, 483.96);
INSERT INTO order_items (order_id, product_id, quantity, price) VALUES (72, 47, 1, 397.43);
INSERT INTO order_items (order_id, product_id, quantity, price) VALUES (2, 34, 5, 70.56);
INSERT INTO order_items (order_id, product_id, quantity, price) VALUES (48, 87, 3, 296.43);
INSERT INTO order_items (order_id, product_id, quantity, price) VALUES (82, 48, 1, 340.67);
INSERT INTO order_items (order_id, product_id, quantity, price) VALUES (61, 4, 5, 443.28);
INSERT INTO order_items (order_id, product_id, quantity, price) VALUES (72, 42, 5, 118.47);
INSERT INTO order_items (order_id, product_id, quantity, price) VALUES (9, 82, 4, 455.6);
INSERT INTO order_items (order_id, product_id, quantity, price) VALUES (39, 84, 4, 67.17);
INSERT INTO order_items (order_id, product_id, quantity, price) VALUES (6, 5, 3, 498.0);
INSERT INTO order_items (order_id, product_id, quantity, price) VALUES (15, 13, 2, 444.76);
INSERT INTO order_items (order_id, product_id, quantity, price) VALUES (18, 50, 4, 191.8);
INSERT INTO order_items (order_id, product_id, quantity, price) VALUES (96, 90, 5, 215.37);
INSERT INTO order_items (order_id, product_id, quantity, price) VALUES (96, 94, 2, 443.85);
INSERT INTO order_items (order_id, product_id, quantity, price) VALUES (84, 13, 4, 311.67);
INSERT INTO order_items (order_id, product_id, quantity, price) VALUES (36, 5, 3, 116.46);
INSERT INTO order_items (order_id, product_id, quantity, price) VALUES (57, 31, 3, 58.68);
INSERT INTO order_items (order_id, product_id, quantity, price) VALUES (88, 48, 5, 451.83);
INSERT INTO order_items (order_id, product_id, quantity, price) VALUES (83, 46, 1, 205.09);
INSERT INTO order_items (order_id, product_id, quantity, price) VALUES (25, 16, 4, 54.92);
INSERT INTO order_items (order_id, product_id, quantity, price) VALUES (28, 83, 5, 485.84);
INSERT INTO order_items (order_id, product_id, quantity, price) VALUES (7, 43, 2, 494.52);
INSERT INTO order_items (order_id, product_id, quantity, price) VALUES (73, 27, 1, 416.61);
INSERT INTO order_items (order_id, product_id, quantity, price) VALUES (71, 27, 5, 115.82);
INSERT INTO order_items (order_id, product_id, quantity, price) VALUES (30, 43, 2, 396.44);
INSERT INTO order_items (order_id, product_id, quantity, price) VALUES (77, 1, 3, 430.62);
INSERT INTO order_items (order_id, product_id, quantity, price) VALUES (19, 17, 5, 132.82);
INSERT INTO order_items (order_id, product_id, quantity, price) VALUES (23, 15, 1, 74.58);
INSERT INTO order_items (order_id, product_id, quantity, price) VALUES (46, 31, 5, 168.65);
INSERT INTO order_items (order_id, product_id, quantity, price) VALUES (23, 34, 1, 72.11);
INSERT INTO order_items (order_id, product_id, quantity, price) VALUES (54, 68, 1, 375.38);
INSERT INTO order_items (order_id, product_id, quantity, price) VALUES (61, 58, 3, 261.49);
INSERT INTO order_items (order_id, product_id, quantity, price) VALUES (14, 58, 5, 118.56);
INSERT INTO order_items (order_id, product_id, quantity, price) VALUES (79, 6, 5, 157.8);
INSERT INTO order_items (order_id, product_id, quantity, price) VALUES (83, 4, 1, 499.31);
INSERT INTO order_items (order_id, product_id, quantity, price) VALUES (52, 55, 1, 250.23);
INSERT INTO order_items (order_id, product_id, quantity, price) VALUES (57, 10, 1, 167.83);
INSERT INTO order_items (order_id, product_id, quantity, price) VALUES (19, 9, 2, 144.76);
INSERT INTO order_items (order_id, product_id, quantity, price) VALUES (82, 75, 5, 358.95);
INSERT INTO order_items (order_id, product_id, quantity, price) VALUES (49, 77, 5, 154.5);
INSERT INTO order_items (order_id, product_id, quantity, price) VALUES (65, 78, 4, 58.6);
INSERT INTO order_items (order_id, product_id, quantity, price) VALUES (90, 15, 5, 363.21);
INSERT INTO order_items (order_id, product_id, quantity, price) VALUES (28, 56, 4, 445.16);
INSERT INTO order_items (order_id, product_id, quantity, price) VALUES (53, 44, 4, 205.38);
INSERT INTO order_items (order_id, product_id, quantity, price) VALUES (94, 13, 3, 219.11);
INSERT INTO order_items (order_id, product_id, quantity, price) VALUES (86, 33, 3, 477.26);
INSERT INTO order_items (order_id, product_id, quantity, price) VALUES (88, 61, 1, 54.7);
INSERT INTO order_items (order_id, product_id, quantity, price) VALUES (11, 12, 4, 57.32);
INSERT INTO order_items (order_id, product_id, quantity, price) VALUES (95, 48, 2, 282.62);
INSERT INTO order_items (order_id, product_id, quantity, price) VALUES (76, 72, 5, 171.53);
INSERT INTO order_items (order_id, product_id, quantity, price) VALUES (16, 53, 3, 438.07);
INSERT INTO order_items (order_id, product_id, quantity, price) VALUES (97, 55, 1, 484.52);
INSERT INTO order_items (order_id, product_id, quantity, price) VALUES (77, 40, 3, 60.76);
INSERT INTO order_items (order_id, product_id, quantity, price) VALUES (65, 28, 2, 331.8);
INSERT INTO order_items (order_id, product_id, quantity, price) VALUES (29, 14, 3, 424.23);
INSERT INTO order_items (order_id, product_id, quantity, price) VALUES (48, 15, 3, 291.31);
INSERT INTO order_items (order_id, product_id, quantity, price) VALUES (55, 72, 5, 310.65);
INSERT INTO order_items (order_id, product_id, quantity, price) VALUES (83, 72, 1, 308.41);
INSERT INTO order_items (order_id, product_id, quantity, price) VALUES (85, 89, 3, 24.19);
INSERT INTO order_items (order_id, product_id, quantity, price) VALUES (35, 90, 3, 461.55);
INSERT INTO order_items (order_id, product_id, quantity, price) VALUES (45, 1, 2, 436.23);
INSERT INTO order_items (order_id, product_id, quantity, price) VALUES (73, 85, 4, 44.1);
INSERT INTO order_items (order_id, product_id, quantity, price) VALUES (95, 82, 1, 54.96);
INSERT INTO order_items (order_id, product_id, quantity, price) VALUES (68, 28, 4, 215.72);
-- Insert sample data into payments
INSERT INTO payments (order_id, payment_date, amount, payment_method) VALUES (1, '2023-06-24', 174.26, 'PayPal');
INSERT INTO payments (order_id, payment_date, amount, payment_method) VALUES (2, '2023-06-16', 781.3, 'Bank Transfer');
INSERT INTO payments (order_id, payment_date, amount, payment_method) VALUES (3, '2023-11-02', 103.26, 'Credit Card');
INSERT INTO payments (order_id, payment_date, amount, payment_method) VALUES (4, '2023-03-21', 174.26, 'Bank Transfer');
INSERT INTO payments (order_id, payment_date, amount, payment_method) VALUES (5, '2023-01-26', 680.49, 'PayPal');
INSERT INTO payments (order_id, payment_date, amount, payment_method) VALUES (6, '2023-08-15', 668.7, 'PayPal');
INSERT INTO payments (order_id, payment_date, amount, payment_method) VALUES (7, '2023-11-07', 453.2, 'PayPal');
INSERT INTO payments (order_id, payment_date, amount, payment_method) VALUES (8, '2023-04-21', 759.84, 'Credit Card');
INSERT INTO payments (order_id, payment_date, amount, payment_method) VALUES (9, '2023-06-26', 441.32, 'PayPal');
INSERT INTO payments (order_id, payment_date, amount, payment_method) VALUES (10, '2023-12-14', 684.92, 'PayPal');
INSERT INTO payments (order_id, payment_date, amount, payment_method) VALUES (11, '2023-09-27', 673.79, 'Credit Card');
INSERT INTO payments (order_id, payment_date, amount, payment_method) VALUES (12, '2023-04-23', 407.36, 'Bank Transfer');
INSERT INTO payments (order_id, payment_date, amount, payment_method) VALUES (13, '2023-01-29', 27.53, 'PayPal');
INSERT INTO payments (order_id, payment_date, amount, payment_method) VALUES (14, '2023-04-19', 772.0, 'PayPal');
INSERT INTO payments (order_id, payment_date, amount, payment_method) VALUES (15, '2023-05-29', 341.56, 'Credit Card');
INSERT INTO payments (order_id, payment_date, amount, payment_method) VALUES (16, '2023-09-12', 752.07, 'Credit Card');
INSERT INTO payments (order_id, payment_date, amount, payment_method) VALUES (17, '2023-03-08', 392.6, 'Bank Transfer');
INSERT INTO payments (order_id, payment_date, amount, payment_method) VALUES (18, '2023-04-28', 510.26, 'Bank Transfer');
INSERT INTO payments (order_id, payment_date, amount, payment_method) VALUES (19, '2023-07-01', 90.63, 'Bank Transfer');
INSERT INTO payments (order_id, payment_date, amount, payment_method) VALUES (20, '2023-01-22', 447.5, 'PayPal');
INSERT INTO payments (order_id, payment_date, amount, payment_method) VALUES (21, '2023-02-09', 864.87, 'Bank Transfer');
INSERT INTO payments (order_id, payment_date, amount, payment_method) VALUES (22, '2023-08-08', 581.93, 'Bank Transfer');
INSERT INTO payments (order_id, payment_date, amount, payment_method) VALUES (23, '2023-11-24', 429.34, 'Credit Card');
INSERT INTO payments (order_id, payment_date, amount, payment_method) VALUES (24, '2023-07-27', 40.44, 'PayPal');
INSERT INTO payments (order_id, payment_date, amount, payment_method) VALUES (25, '2023-03-29', 805.3, 'Bank Transfer');
INSERT INTO payments (order_id, payment_date, amount, payment_method) VALUES (26, '2023-08-24', 835.39, 'PayPal');
INSERT INTO payments (order_id, payment_date, amount, payment_method) VALUES (27, '2023-02-15', 447.98, 'Credit Card');
INSERT INTO payments (order_id, payment_date, amount, payment_method) VALUES (28, '2023-05-05', 446.96, 'PayPal');
INSERT INTO payments (order_id, payment_date, amount, payment_method) VALUES (29, '2023-09-26', 97.07, 'PayPal');
INSERT INTO payments (order_id, payment_date, amount, payment_method) VALUES (30, '2023-06-23', 237.14, 'Credit Card');
INSERT INTO payments (order_id, payment_date, amount, payment_method) VALUES (31, '2023-02-09', 520.27, 'Credit Card');
INSERT INTO payments (order_id, payment_date, amount, payment_method) VALUES (32, '2023-09-29', 519.75, 'PayPal');
INSERT INTO payments (order_id, payment_date, amount, payment_method) VALUES (33, '2023-06-29', 732.83, 'Bank Transfer');
INSERT INTO payments (order_id, payment_date, amount, payment_method) VALUES (34, '2023-03-17', 251.54, 'Credit Card');
INSERT INTO payments (order_id, payment_date, amount, payment_method) VALUES (35, '2023-05-12', 213.33, 'Bank Transfer');
INSERT INTO payments (order_id, payment_date, amount, payment_method) VALUES (36, '2023-03-20', 765.01, 'Bank Transfer');
INSERT INTO payments (order_id, payment_date, amount, payment_method) VALUES (37, '2023-02-08', 193.6, 'Bank Transfer');
INSERT INTO payments (order_id, payment_date, amount, payment_method) VALUES (38, '2023-09-10', 474.67, 'Bank Transfer');
INSERT INTO payments (order_id, payment_date, amount, payment_method) VALUES (39, '2023-10-24', 459.93, 'Bank Transfer');
INSERT INTO payments (order_id, payment_date, amount, payment_method) VALUES (40, '2023-11-26', 642.59, 'Bank Transfer');
INSERT INTO payments (order_id, payment_date, amount, payment_method) VALUES (41, '2023-06-15', 866.96, 'Bank Transfer');
INSERT INTO payments (order_id, payment_date, amount, payment_method) VALUES (42, '2023-06-11', 167.94, 'Credit Card');
INSERT INTO payments (order_id, payment_date, amount, payment_method) VALUES (43, '2023-08-29', 453.36, 'PayPal');
INSERT INTO payments (order_id, payment_date, amount, payment_method) VALUES (44, '2023-05-21', 599.59, 'PayPal');
INSERT INTO payments (order_id, payment_date, amount, payment_method) VALUES (45, '2023-09-17', 92.71, 'PayPal');
INSERT INTO payments (order_id, payment_date, amount, payment_method) VALUES (46, '2023-08-20', 56.86, 'PayPal');
INSERT INTO payments (order_id, payment_date, amount, payment_method) VALUES (47, '2023-05-27', 95.2, 'Credit Card');
INSERT INTO payments (order_id, payment_date, amount, payment_method) VALUES (48, '2023-11-11', 602.2, 'PayPal');
INSERT INTO payments (order_id, payment_date, amount, payment_method) VALUES (49, '2023-08-25', 588.72, 'Bank Transfer');
INSERT INTO payments (order_id, payment_date, amount, payment_method) VALUES (50, '2023-01-22', 460.74, 'Bank Transfer');
INSERT INTO payments (order_id, payment_date, amount, payment_method) VALUES (51, '2023-11-30', 204.47, 'Bank Transfer');
INSERT INTO payments (order_id, payment_date, amount, payment_method) VALUES (52, '2023-09-01', 511.34, 'Credit Card');
INSERT INTO payments (order_id, payment_date, amount, payment_method) VALUES (53, '2023-08-19', 121.43, 'PayPal');
INSERT INTO payments (order_id, payment_date, amount, payment_method) VALUES (54, '2023-02-13', 514.46, 'Credit Card');
INSERT INTO payments (order_id, payment_date, amount, payment_method) VALUES (55, '2023-01-21', 262.79, 'PayPal');
INSERT INTO payments (order_id, payment_date, amount, payment_method) VALUES (56, '2023-08-13', 533.59, 'Bank Transfer');
INSERT INTO payments (order_id, payment_date, amount, payment_method) VALUES (57, '2023-03-23', 376.62, 'PayPal');
INSERT INTO payments (order_id, payment_date, amount, payment_method) VALUES (58, '2023-07-18', 420.59, 'PayPal');
INSERT INTO payments (order_id, payment_date, amount, payment_method) VALUES (59, '2023-12-14', 605.93, 'Bank Transfer');
INSERT INTO payments (order_id, payment_date, amount, payment_method) VALUES (60, '2023-11-28', 347.96, 'PayPal');
INSERT INTO payments (order_id, payment_date, amount, payment_method) VALUES (61, '2023-02-18', 566.8, 'PayPal');
INSERT INTO payments (order_id, payment_date, amount, payment_method) VALUES (62, '2023-05-26', 266.96, 'Bank Transfer');
INSERT INTO payments (order_id, payment_date, amount, payment_method) VALUES (63, '2023-11-05', 875.81, 'PayPal');
INSERT INTO payments (order_id, payment_date, amount, payment_method) VALUES (64, '2023-02-11', 591.08, 'Credit Card');
INSERT INTO payments (order_id, payment_date, amount, payment_method) VALUES (65, '2023-06-29', 324.03, 'Bank Transfer');
INSERT INTO payments (order_id, payment_date, amount, payment_method) VALUES (66, '2023-12-24', 668.89, 'Credit Card');
INSERT INTO payments (order_id, payment_date, amount, payment_method) VALUES (67, '2023-11-01', 714.66, 'Credit Card');
INSERT INTO payments (order_id, payment_date, amount, payment_method) VALUES (68, '2023-06-08', 567.74, 'Bank Transfer');
INSERT INTO payments (order_id, payment_date, amount, payment_method) VALUES (69, '2023-06-18', 816.92, 'Bank Transfer');
INSERT INTO payments (order_id, payment_date, amount, payment_method) VALUES (70, '2023-12-26', 832.38, 'Bank Transfer');
INSERT INTO payments (order_id, payment_date, amount, payment_method) VALUES (71, '2023-12-17', 914.2, 'Credit Card');
INSERT INTO payments (order_id, payment_date, amount, payment_method) VALUES (72, '2023-11-27', 677.05, 'Bank Transfer');
INSERT INTO payments (order_id, payment_date, amount, payment_method) VALUES (73, '2023-07-05', 37.87, 'PayPal');
INSERT INTO payments (order_id, payment_date, amount, payment_method) VALUES (74, '2023-04-03', 952.15, 'PayPal');
INSERT INTO payments (order_id, payment_date, amount, payment_method) VALUES (75, '2023-09-06', 208.17, 'Credit Card');
INSERT INTO payments (order_id, payment_date, amount, payment_method) VALUES (76, '2023-03-21', 95.62, 'Credit Card');
INSERT INTO payments (order_id, payment_date, amount, payment_method) VALUES (77, '2023-09-17', 775.46, 'Bank Transfer');
INSERT INTO payments (order_id, payment_date, amount, payment_method) VALUES (78, '2023-09-27', 56.99, 'PayPal');
INSERT INTO payments (order_id, payment_date, amount, payment_method) VALUES (79, '2023-11-13', 148.43, 'PayPal');
INSERT INTO payments (order_id, payment_date, amount, payment_method) VALUES (80, '2023-03-20', 179.0, 'Bank Transfer');
INSERT INTO payments (order_id, payment_date, amount, payment_method) VALUES (81, '2023-11-16', 812.86, 'Credit Card');
INSERT INTO payments (order_id, payment_date, amount, payment_method) VALUES (82, '2023-08-13', 62.82, 'PayPal');
INSERT INTO payments (order_id, payment_date, amount, payment_method) VALUES (83, '2023-12-13', 725.19, 'PayPal');
INSERT INTO payments (order_id, payment_date, amount, payment_method) VALUES (84, '2023-11-09', 299.23, 'Bank Transfer');
INSERT INTO payments (order_id, payment_date, amount, payment_method) VALUES (85, '2023-08-18', 249.32, 'Credit Card');
INSERT INTO payments (order_id, payment_date, amount, payment_method) VALUES (86, '2023-06-08', 966.28, 'PayPal');
INSERT INTO payments (order_id, payment_date, amount, payment_method) VALUES (87, '2023-04-10', 380.48, 'Bank Transfer');
INSERT INTO payments (order_id, payment_date, amount, payment_method) VALUES (88, '2023-08-14', 472.45, 'PayPal');
INSERT INTO payments (order_id, payment_date, amount, payment_method) VALUES (89, '2023-07-15', 512.85, 'PayPal');
INSERT INTO payments (order_id, payment_date, amount, payment_method) VALUES (90, '2023-03-24', 820.55, 'Bank Transfer');
INSERT INTO payments (order_id, payment_date, amount, payment_method) VALUES (91, '2023-03-12', 875.54, 'Credit Card');
INSERT INTO payments (order_id, payment_date, amount, payment_method) VALUES (92, '2023-11-25', 490.98, 'PayPal');
INSERT INTO payments (order_id, payment_date, amount, payment_method) VALUES (93, '2023-10-11', 935.61, 'Bank Transfer');
INSERT INTO payments (order_id, payment_date, amount, payment_method) VALUES (94, '2023-09-22', 854.14, 'PayPal');
INSERT INTO payments (order_id, payment_date, amount, payment_method) VALUES (95, '2023-02-12', 767.85, 'PayPal');
INSERT INTO payments (order_id, payment_date, amount, payment_method) VALUES (96, '2023-08-19', 907.2, 'Credit Card');
INSERT INTO payments (order_id, payment_date, amount, payment_method) VALUES (97, '2023-08-12', 109.88, 'Credit Card');
INSERT INTO payments (order_id, payment_date, amount, payment_method) VALUES (98, '2023-08-19', 886.94, 'Credit Card');
INSERT INTO payments (order_id, payment_date, amount, payment_method) VALUES (99, '2023-08-01', 72.19, 'Bank Transfer');
INSERT INTO payments (order_id, payment_date, amount, payment_method) VALUES (100, '2023-07-11', 251.06, 'Credit Card');
-- Insert sample data into shipping
INSERT INTO shipping (order_id, ship_date, delivery_date, shipping_method, shipping_cost) VALUES (1, '2023-07-11', '2023-04-26', 'Standard', 8.42);
INSERT INTO shipping (order_id, ship_date, delivery_date, shipping_method, shipping_cost) VALUES (2, '2023-02-20', '2023-11-30', 'Express', 16.45);
INSERT INTO shipping (order_id, ship_date, delivery_date, shipping_method, shipping_cost) VALUES (3, '2023-03-12', '2023-01-21', 'Express', 18.6);
INSERT INTO shipping (order_id, ship_date, delivery_date, shipping_method, shipping_cost) VALUES (4, '2023-08-30', '2023-12-24', 'Standard', 15.9);
INSERT INTO shipping (order_id, ship_date, delivery_date, shipping_method, shipping_cost) VALUES (5, '2023-08-29', '2023-08-19', 'Next-Day', 3.09);
INSERT INTO shipping (order_id, ship_date, delivery_date, shipping_method, shipping_cost) VALUES (6, '2023-02-10', '2023-01-11', 'Express', 6.67);
INSERT INTO shipping (order_id, ship_date, delivery_date, shipping_method, shipping_cost) VALUES (7, '2023-03-18', '2023-10-09', 'Next-Day', 13.35);
INSERT INTO shipping (order_id, ship_date, delivery_date, shipping_method, shipping_cost) VALUES (8, '2023-08-05', '2023-02-27', 'Express', 7.04);
INSERT INTO shipping (order_id, ship_date, delivery_date, shipping_method, shipping_cost) VALUES (9, '2023-03-04', '2023-01-26', 'Standard', 10.14);
INSERT INTO shipping (order_id, ship_date, delivery_date, shipping_method, shipping_cost) VALUES (10, '2023-11-15', '2023-08-24', 'Standard', 4.88);
INSERT INTO shipping (order_id, ship_date, delivery_date, shipping_method, shipping_cost) VALUES (11, '2023-09-13', '2023-11-03', 'Next-Day', 3.28);
INSERT INTO shipping (order_id, ship_date, delivery_date, shipping_method, shipping_cost) VALUES (12, '2023-09-21', '2023-10-23', 'Standard', 15.22);
INSERT INTO shipping (order_id, ship_date, delivery_date, shipping_method, shipping_cost) VALUES (13, '2023-05-30', '2023-08-09', 'Standard', 13.45);
INSERT INTO shipping (order_id, ship_date, delivery_date, shipping_method, shipping_cost) VALUES (14, '2023-05-04', '2023-10-21', 'Express', 6.18);
INSERT INTO shipping (order_id, ship_date, delivery_date, shipping_method, shipping_cost) VALUES (15, '2023-12-09', '2023-02-14', 'Next-Day', 19.57);
INSERT INTO shipping (order_id, ship_date, delivery_date, shipping_method, shipping_cost) VALUES (16, '2023-02-04', '2023-09-28', 'Next-Day', 11.62);
INSERT INTO shipping (order_id, ship_date, delivery_date, shipping_method, shipping_cost) VALUES (17, '2023-09-17', '2023-10-12', 'Standard', 9.64);
INSERT INTO shipping (order_id, ship_date, delivery_date, shipping_method, shipping_cost) VALUES (18, '2023-08-29', '2023-01-24', 'Next-Day', 9.58);
INSERT INTO shipping (order_id, ship_date, delivery_date, shipping_method, shipping_cost) VALUES (19, '2023-07-11', '2023-05-11', 'Next-Day', 3.28);
INSERT INTO shipping (order_id, ship_date, delivery_date, shipping_method, shipping_cost) VALUES (20, '2023-02-04', '2023-06-27', 'Standard', 15.46);
INSERT INTO shipping (order_id, ship_date, delivery_date, shipping_method, shipping_cost) VALUES (21, '2023-11-18', '2023-02-24', 'Next-Day', 15.5);
INSERT INTO shipping (order_id, ship_date, delivery_date, shipping_method, shipping_cost) VALUES (22, '2023-06-20', '2023-03-11', 'Standard', 8.99);
INSERT INTO shipping (order_id, ship_date, delivery_date, shipping_method, shipping_cost) VALUES (23, '2023-06-23', '2023-11-27', 'Standard', 17.12);
INSERT INTO shipping (order_id, ship_date, delivery_date, shipping_method, shipping_cost) VALUES (24, '2023-12-17', '2023-08-27', 'Next-Day', 11.14);
INSERT INTO shipping (order_id, ship_date, delivery_date, shipping_method, shipping_cost) VALUES (25, '2023-04-04', '2023-03-12', 'Standard', 15.17);
INSERT INTO shipping (order_id, ship_date, delivery_date, shipping_method, shipping_cost) VALUES (26, '2023-08-23', '2023-01-20', 'Express', 6.43);
INSERT INTO shipping (order_id, ship_date, delivery_date, shipping_method, shipping_cost) VALUES (27, '2023-04-13', '2023-01-23', 'Express', 18.87);
INSERT INTO shipping (order_id, ship_date, delivery_date, shipping_method, shipping_cost) VALUES (28, '2023-09-21', '2023-07-24', 'Next-Day', 11.05);
INSERT INTO shipping (order_id, ship_date, delivery_date, shipping_method, shipping_cost) VALUES (29, '2023-01-19', '2023-11-29', 'Standard', 7.86);
INSERT INTO shipping (order_id, ship_date, delivery_date, shipping_method, shipping_cost) VALUES (30, '2023-01-25', '2023-12-03', 'Express', 7.64);
INSERT INTO shipping (order_id, ship_date, delivery_date, shipping_method, shipping_cost) VALUES (31, '2023-07-08', '2023-08-13', 'Express', 15.64);
INSERT INTO shipping (order_id, ship_date, delivery_date, shipping_method, shipping_cost) VALUES (32, '2023-07-17', '2023-06-24', 'Standard', 11.44);
INSERT INTO shipping (order_id, ship_date, delivery_date, shipping_method, shipping_cost) VALUES (33, '2023-09-12', '2023-07-09', 'Next-Day', 7.53);
INSERT INTO shipping (order_id, ship_date, delivery_date, shipping_method, shipping_cost) VALUES (34, '2023-02-12', '2023-08-07', 'Standard', 10.32);
INSERT INTO shipping (order_id, ship_date, delivery_date, shipping_method, shipping_cost) VALUES (35, '2023-04-03', '2023-10-08', 'Express', 8.46);
INSERT INTO shipping (order_id, ship_date, delivery_date, shipping_method, shipping_cost) VALUES (36, '2023-02-10', '2023-06-18', 'Next-Day', 8.03);
INSERT INTO shipping (order_id, ship_date, delivery_date, shipping_method, shipping_cost) VALUES (37, '2023-08-17', '2023-11-06', 'Next-Day', 10.24);
INSERT INTO shipping (order_id, ship_date, delivery_date, shipping_method, shipping_cost) VALUES (38, '2023-12-20', '2023-08-17', 'Express', 10.6);
INSERT INTO shipping (order_id, ship_date, delivery_date, shipping_method, shipping_cost) VALUES (39, '2023-06-30', '2023-11-12', 'Express', 7.67);
INSERT INTO shipping (order_id, ship_date, delivery_date, shipping_method, shipping_cost) VALUES (40, '2023-01-30', '2023-02-09', 'Next-Day', 13.84);
INSERT INTO shipping (order_id, ship_date, delivery_date, shipping_method, shipping_cost) VALUES (41, '2023-07-06', '2023-09-21', 'Next-Day', 14.55);
INSERT INTO shipping (order_id, ship_date, delivery_date, shipping_method, shipping_cost) VALUES (42, '2023-01-16', '2023-03-16', 'Next-Day', 14.53);
INSERT INTO shipping (order_id, ship_date, delivery_date, shipping_method, shipping_cost) VALUES (43, '2023-08-13', '2023-01-19', 'Standard', 4.14);
INSERT INTO shipping (order_id, ship_date, delivery_date, shipping_method, shipping_cost) VALUES (44, '2023-11-27', '2023-07-08', 'Express', 9.51);
INSERT INTO shipping (order_id, ship_date, delivery_date, shipping_method, shipping_cost) VALUES (45, '2023-10-18', '2023-01-18', 'Next-Day', 5.61);
INSERT INTO shipping (order_id, ship_date, delivery_date, shipping_method, shipping_cost) VALUES (46, '2023-08-19', '2023-07-10', 'Express', 10.55);
INSERT INTO shipping (order_id, ship_date, delivery_date, shipping_method, shipping_cost) VALUES (47, '2023-02-09', '2023-10-22', 'Standard', 12.0);
INSERT INTO shipping (order_id, ship_date, delivery_date, shipping_method, shipping_cost) VALUES (48, '2023-07-23', '2023-06-11', 'Next-Day', 7.74);
INSERT INTO shipping (order_id, ship_date, delivery_date, shipping_method, shipping_cost) VALUES (49, '2023-02-28', '2023-01-15', 'Next-Day', 6.16);
INSERT INTO shipping (order_id, ship_date, delivery_date, shipping_method, shipping_cost) VALUES (50, '2023-09-23', '2023-07-19', 'Next-Day', 5.0);
INSERT INTO shipping (order_id, ship_date, delivery_date, shipping_method, shipping_cost) VALUES (51, '2023-05-14', '2023-12-28', 'Express', 6.65);
INSERT INTO shipping (order_id, ship_date, delivery_date, shipping_method, shipping_cost) VALUES (52, '2023-11-10', '2023-05-28', 'Next-Day', 18.58);
INSERT INTO shipping (order_id, ship_date, delivery_date, shipping_method, shipping_cost) VALUES (53, '2023-09-09', '2023-04-14', 'Standard', 5.31);
INSERT INTO shipping (order_id, ship_date, delivery_date, shipping_method, shipping_cost) VALUES (54, '2023-02-07', '2023-08-21', 'Standard', 18.28);
INSERT INTO shipping (order_id, ship_date, delivery_date, shipping_method, shipping_cost) VALUES (55, '2023-08-16', '2023-02-15', 'Next-Day', 19.45);
INSERT INTO shipping (order_id, ship_date, delivery_date, shipping_method, shipping_cost) VALUES (56, '2023-06-13', '2023-12-09', 'Express', 15.06);
INSERT INTO shipping (order_id, ship_date, delivery_date, shipping_method, shipping_cost) VALUES (57, '2023-10-09', '2023-10-06', 'Express', 18.15);
INSERT INTO shipping (order_id, ship_date, delivery_date, shipping_method, shipping_cost) VALUES (58, '2023-03-22', '2023-12-31', 'Next-Day', 13.84);
INSERT INTO shipping (order_id, ship_date, delivery_date, shipping_method, shipping_cost) VALUES (59, '2023-07-05', '2023-09-19', 'Standard', 5.06);
INSERT INTO shipping (order_id, ship_date, delivery_date, shipping_method, shipping_cost) VALUES (60, '2023-04-13', '2023-03-14', 'Standard', 16.44);
INSERT INTO shipping (order_id, ship_date, delivery_date, shipping_method, shipping_cost) VALUES (61, '2023-01-14', '2023-07-05', 'Next-Day', 12.73);
INSERT INTO shipping (order_id, ship_date, delivery_date, shipping_method, shipping_cost) VALUES (62, '2023-08-28', '2023-10-11', 'Standard', 13.4);
INSERT INTO shipping (order_id, ship_date, delivery_date, shipping_method, shipping_cost) VALUES (63, '2023-02-14', '2023-02-04', 'Express', 9.77);
INSERT INTO shipping (order_id, ship_date, delivery_date, shipping_method, shipping_cost) VALUES (64, '2023-09-03', '2023-09-28', 'Express', 16.08);
INSERT INTO shipping (order_id, ship_date, delivery_date, shipping_method, shipping_cost) VALUES (65, '2023-10-22', '2023-02-08', 'Standard', 19.53);
INSERT INTO shipping (order_id, ship_date, delivery_date, shipping_method, shipping_cost) VALUES (66, '2023-11-25', '2023-02-08', 'Express', 10.92);
INSERT INTO shipping (order_id, ship_date, delivery_date, shipping_method, shipping_cost) VALUES (67, '2023-09-22', '2023-06-27', 'Standard', 17.93);
INSERT INTO shipping (order_id, ship_date, delivery_date, shipping_method, shipping_cost) VALUES (68, '2023-10-10', '2023-11-25', 'Next-Day', 6.09);
INSERT INTO shipping (order_id, ship_date, delivery_date, shipping_method, shipping_cost) VALUES (69, '2023-03-08', '2023-08-11', 'Next-Day', 18.48);
INSERT INTO shipping (order_id, ship_date, delivery_date, shipping_method, shipping_cost) VALUES (70, '2023-01-29', '2023-03-06', 'Next-Day', 5.6);
INSERT INTO shipping (order_id, ship_date, delivery_date, shipping_method, shipping_cost) VALUES (71, '2023-03-26', '2023-03-25', 'Express', 18.89);
INSERT INTO shipping (order_id, ship_date, delivery_date, shipping_method, shipping_cost) VALUES (72, '2023-04-26', '2023-06-28', 'Next-Day', 18.21);
INSERT INTO shipping (order_id, ship_date, delivery_date, shipping_method, shipping_cost) VALUES (73, '2023-02-10', '2023-05-10', 'Standard', 13.8);
INSERT INTO shipping (order_id, ship_date, delivery_date, shipping_method, shipping_cost) VALUES (74, '2023-10-10', '2023-05-22', 'Standard', 13.63);
INSERT INTO shipping (order_id, ship_date, delivery_date, shipping_method, shipping_cost) VALUES (75, '2023-11-11', '2023-10-02', 'Standard', 11.54);
INSERT INTO shipping (order_id, ship_date, delivery_date, shipping_method, shipping_cost) VALUES (76, '2023-03-28', '2023-11-01', 'Next-Day', 5.62);
INSERT INTO shipping (order_id, ship_date, delivery_date, shipping_method, shipping_cost) VALUES (77, '2023-12-04', '2023-11-17', 'Next-Day', 18.33);
INSERT INTO shipping (order_id, ship_date, delivery_date, shipping_method, shipping_cost) VALUES (78, '2023-06-22', '2023-10-17', 'Standard', 17.03);
INSERT INTO shipping (order_id, ship_date, delivery_date, shipping_method, shipping_cost) VALUES (79, '2023-01-15', '2023-02-12', 'Standard', 19.13);
INSERT INTO shipping (order_id, ship_date, delivery_date, shipping_method, shipping_cost) VALUES (80, '2023-10-23', '2023-05-17', 'Next-Day', 6.58);
INSERT INTO shipping (order_id, ship_date, delivery_date, shipping_method, shipping_cost) VALUES (81, '2023-10-20', '2023-08-03', 'Next-Day', 13.86);
INSERT INTO shipping (order_id, ship_date, delivery_date, shipping_method, shipping_cost) VALUES (82, '2023-09-12', '2023-11-19', 'Next-Day', 7.92);
INSERT INTO shipping (order_id, ship_date, delivery_date, shipping_method, shipping_cost) VALUES (83, '2023-06-04', '2023-09-06', 'Standard', 16.68);
INSERT INTO shipping (order_id, ship_date, delivery_date, shipping_method, shipping_cost) VALUES (84, '2023-12-17', '2023-07-28', 'Express', 10.71);
INSERT INTO shipping (order_id, ship_date, delivery_date, shipping_method, shipping_cost) VALUES (85, '2023-12-19', '2023-02-01', 'Standard', 10.47);
INSERT INTO shipping (order_id, ship_date, delivery_date, shipping_method, shipping_cost) VALUES (86, '2023-09-05', '2023-08-27', 'Standard', 8.78);
INSERT INTO shipping (order_id, ship_date, delivery_date, shipping_method, shipping_cost) VALUES (87, '2023-03-15', '2023-06-11', 'Next-Day', 8.43);
INSERT INTO shipping (order_id, ship_date, delivery_date, shipping_method, shipping_cost) VALUES (88, '2023-06-26', '2023-07-25', 'Standard', 15.93);
INSERT INTO shipping (order_id, ship_date, delivery_date, shipping_method, shipping_cost) VALUES (89, '2023-09-21', '2023-10-16', 'Standard', 8.42);
INSERT INTO shipping (order_id, ship_date, delivery_date, shipping_method, shipping_cost) VALUES (90, '2023-08-27', '2023-03-05', 'Express', 10.64);
INSERT INTO shipping (order_id, ship_date, delivery_date, shipping_method, shipping_cost) VALUES (91, '2023-03-14', '2023-02-20', 'Standard', 7.93);
INSERT INTO shipping (order_id, ship_date, delivery_date, shipping_method, shipping_cost) VALUES (92, '2023-07-16', '2023-11-13', 'Express', 7.22);
INSERT INTO shipping (order_id, ship_date, delivery_date, shipping_method, shipping_cost) VALUES (93, '2023-03-23', '2023-06-18', 'Next-Day', 15.26);
INSERT INTO shipping (order_id, ship_date, delivery_date, shipping_method, shipping_cost) VALUES (94, '2023-04-08', '2023-03-24', 'Express', 19.93);
INSERT INTO shipping (order_id, ship_date, delivery_date, shipping_method, shipping_cost) VALUES (95, '2023-08-28', '2023-09-14', 'Express', 11.46);
INSERT INTO shipping (order_id, ship_date, delivery_date, shipping_method, shipping_cost) VALUES (96, '2023-02-16', '2023-07-22', 'Next-Day', 10.77);
INSERT INTO shipping (order_id, ship_date, delivery_date, shipping_method, shipping_cost) VALUES (97, '2023-05-04', '2023-04-22', 'Next-Day', 9.0);
INSERT INTO shipping (order_id, ship_date, delivery_date, shipping_method, shipping_cost) VALUES (98, '2023-01-26', '2023-05-26', 'Express', 13.16);
INSERT INTO shipping (order_id, ship_date, delivery_date, shipping_method, shipping_cost) VALUES (99, '2023-12-01', '2023-12-12', 'Express', 7.86);
INSERT INTO shipping (order_id, ship_date, delivery_date, shipping_method, shipping_cost) VALUES (100, '2023-01-05', '2023-02-26', 'Express', 5.28);
-- Insert sample data into reviews
INSERT INTO reviews (product_id, customer_id, rating, review_text, review_date) VALUES (34, 94, 3, 'Woman fall member protect head it.', '2023-07-26');
INSERT INTO reviews (product_id, customer_id, rating, review_text, review_date) VALUES (47, 6, 4, 'Pull join again meeting field success represent.', '2023-01-27');
INSERT INTO reviews (product_id, customer_id, rating, review_text, review_date) VALUES (73, 72, 2, 'Visit box season avoid wrong tend catch its who.', '2023-07-05');
INSERT INTO reviews (product_id, customer_id, rating, review_text, review_date) VALUES (71, 37, 1, 'Road level great I with age treatment dog how good increase reflect inside.', '2023-07-17');
INSERT INTO reviews (product_id, customer_id, rating, review_text, review_date) VALUES (65, 58, 5, 'Rather nothing quality activity outside onto through own represent foreign keep help.', '2023-05-24');
INSERT INTO reviews (product_id, customer_id, rating, review_text, review_date) VALUES (80, 88, 5, 'Enter administration game perhaps action home appear source.', '2023-03-02');
INSERT INTO reviews (product_id, customer_id, rating, review_text, review_date) VALUES (17, 13, 4, 'Many poor majority American call before spring.', '2023-07-11');
INSERT INTO reviews (product_id, customer_id, rating, review_text, review_date) VALUES (44, 72, 3, 'Stuff control buy newspaper important state leader language.', '2023-03-15');
INSERT INTO reviews (product_id, customer_id, rating, review_text, review_date) VALUES (26, 78, 5, 'Hold least month write war example drive must do market.', '2023-07-25');
INSERT INTO reviews (product_id, customer_id, rating, review_text, review_date) VALUES (65, 6, 1, 'Enough language present region weight nearly soon difference send.', '2023-01-20');
INSERT INTO reviews (product_id, customer_id, rating, review_text, review_date) VALUES (18, 92, 3, 'Pretty again charge least seem interview network ground book thing listen work reality.', '2023-08-31');
INSERT INTO reviews (product_id, customer_id, rating, review_text, review_date) VALUES (67, 59, 2, 'Town structure two type put suffer no task challenge through so mission nice.', '2023-11-07');
INSERT INTO reviews (product_id, customer_id, rating, review_text, review_date) VALUES (66, 18, 3, 'Purpose than operation professional manage social late.', '2023-11-10');
INSERT INTO reviews (product_id, customer_id, rating, review_text, review_date) VALUES (41, 21, 4, 'Science somebody this image role become condition term per.', '2023-11-12');
INSERT INTO reviews (product_id, customer_id, rating, review_text, review_date) VALUES (95, 39, 5, 'Should key sure describe production final possible could bring but or.', '2023-06-22');
INSERT INTO reviews (product_id, customer_id, rating, review_text, review_date) VALUES (65, 66, 5, 'Only light member manager which degree per memory.', '2023-09-08');
INSERT INTO reviews (product_id, customer_id, rating, review_text, review_date) VALUES (91, 73, 3, 'Throw add after when despite degree just class medical agree successful suggest.', '2023-09-01');
INSERT INTO reviews (product_id, customer_id, rating, review_text, review_date) VALUES (3, 48, 3, 'Bad day protect young drug together sit line coach all course discuss.', '2023-12-11');
INSERT INTO reviews (product_id, customer_id, rating, review_text, review_date) VALUES (15, 54, 5, 'Lay available blue discuss win situation almost buy no practice support share alone.', '2023-06-07');
INSERT INTO reviews (product_id, customer_id, rating, review_text, review_date) VALUES (93, 89, 1, 'Food sure institution begin attention world school make.', '2023-11-02');
INSERT INTO reviews (product_id, customer_id, rating, review_text, review_date) VALUES (61, 34, 5, 'Population respond ask front walk use wrong rule garden right.', '2023-10-23');
INSERT INTO reviews (product_id, customer_id, rating, review_text, review_date) VALUES (30, 93, 1, 'Physical great fight skin decade claim paper respond cup cold expert along authority.', '2023-10-26');
INSERT INTO reviews (product_id, customer_id, rating, review_text, review_date) VALUES (62, 22, 5, 'Organization everybody never play will control.', '2023-11-19');
INSERT INTO reviews (product_id, customer_id, rating, review_text, review_date) VALUES (93, 80, 4, 'Oil lay compare person put blood student key happen check scientist today child.', '2023-03-17');
INSERT INTO reviews (product_id, customer_id, rating, review_text, review_date) VALUES (88, 32, 1, 'Less wait suffer six couple final list by image just on form travel.', '2023-10-21');
INSERT INTO reviews (product_id, customer_id, rating, review_text, review_date) VALUES (90, 15, 2, 'Agreement later summer indeed writer change try almost rate analysis few course reflect.', '2023-01-10');
INSERT INTO reviews (product_id, customer_id, rating, review_text, review_date) VALUES (57, 41, 4, 'Matter both where want visit recognize mean appear thousand matter ball tough garden.', '2023-03-19');
INSERT INTO reviews (product_id, customer_id, rating, review_text, review_date) VALUES (53, 89, 2, 'Second six week growth management available option sit peace relate back bar.', '2023-07-30');
INSERT INTO reviews (product_id, customer_id, rating, review_text, review_date) VALUES (65, 100, 5, 'Million either which born question avoid.', '2023-08-30');
INSERT INTO reviews (product_id, customer_id, rating, review_text, review_date) VALUES (95, 94, 1, 'Admit same or continue box window hundred another next son.', '2023-12-28');
INSERT INTO reviews (product_id, customer_id, rating, review_text, review_date) VALUES (18, 67, 2, 'Trial degree often manage they far anything sing summer modern country.', '2023-10-15');
INSERT INTO reviews (product_id, customer_id, rating, review_text, review_date) VALUES (42, 85, 4, 'Technology treat two teacher wide his seat local trip attorney.', '2023-09-27');
INSERT INTO reviews (product_id, customer_id, rating, review_text, review_date) VALUES (49, 41, 2, 'Inside mind three world state ever truth ability mention per century rest election.', '2023-08-24');
INSERT INTO reviews (product_id, customer_id, rating, review_text, review_date) VALUES (69, 44, 5, 'Whose strategy many question lose ahead.', '2023-07-01');
INSERT INTO reviews (product_id, customer_id, rating, review_text, review_date) VALUES (87, 99, 3, 'Population team affect debate TV member structure company number understand.', '2023-11-09');
INSERT INTO reviews (product_id, customer_id, rating, review_text, review_date) VALUES (62, 25, 2, 'Right trade over your American mind recent water catch scientist themselves father.', '2023-05-23');
INSERT INTO reviews (product_id, customer_id, rating, review_text, review_date) VALUES (72, 39, 2, 'Agency conference authority itself always carry person eight artist our class.', '2023-06-02');
INSERT INTO reviews (product_id, customer_id, rating, review_text, review_date) VALUES (99, 37, 2, 'Listen need move stage rule investment region need try east.', '2023-12-20');
INSERT INTO reviews (product_id, customer_id, rating, review_text, review_date) VALUES (91, 63, 3, 'Hope everything doctor game candidate leave sort their buy.', '2023-09-03');
INSERT INTO reviews (product_id, customer_id, rating, review_text, review_date) VALUES (45, 72, 3, 'Reality traditional expert speak wear attorney Democrat once personal which ability.', '2023-05-28');
INSERT INTO reviews (product_id, customer_id, rating, review_text, review_date) VALUES (16, 74, 5, 'Activity policy around agree nature exactly her yes executive future.', '2023-07-14');
INSERT INTO reviews (product_id, customer_id, rating, review_text, review_date) VALUES (51, 45, 2, 'Daughter camera part official I through line family deep population stop.', '2023-05-29');
INSERT INTO reviews (product_id, customer_id, rating, review_text, review_date) VALUES (6, 37, 1, 'Hospital unit natural sell deal fall room hundred information here stage view paper.', '2023-06-27');
INSERT INTO reviews (product_id, customer_id, rating, review_text, review_date) VALUES (57, 84, 3, 'Economic throughout cold rest friend learn continue natural.', '2023-09-03');
INSERT INTO reviews (product_id, customer_id, rating, review_text, review_date) VALUES (28, 26, 5, 'Outside program join lay discuss imagine manager office maybe.', '2023-05-19');
INSERT INTO reviews (product_id, customer_id, rating, review_text, review_date) VALUES (72, 90, 3, 'Talk me ten book keep believe Mrs.', '2023-03-12');
INSERT INTO reviews (product_id, customer_id, rating, review_text, review_date) VALUES (14, 79, 5, 'Own forward article challenge full plant remain thank society.', '2023-05-03');
INSERT INTO reviews (product_id, customer_id, rating, review_text, review_date) VALUES (32, 7, 5, 'Administration indicate ten save sister law from.', '2023-04-26');
INSERT INTO reviews (product_id, customer_id, rating, review_text, review_date) VALUES (82, 30, 1, 'Direction about environmental kind she contain special everybody each find role.', '2023-02-21');
INSERT INTO reviews (product_id, customer_id, rating, review_text, review_date) VALUES (53, 43, 4, 'Hot consumer American be water kitchen series case method hard born response.', '2023-02-21');
INSERT INTO reviews (product_id, customer_id, rating, review_text, review_date) VALUES (88, 99, 2, 'Always model staff meeting carry development day where remember real short.', '2023-01-03');
INSERT INTO reviews (product_id, customer_id, rating, review_text, review_date) VALUES (71, 21, 4, 'Popular open role newspaper lot final far week turn ago event.', '2023-12-01');
INSERT INTO reviews (product_id, customer_id, rating, review_text, review_date) VALUES (61, 62, 2, 'See she hotel such its news society.', '2023-05-28');
INSERT INTO reviews (product_id, customer_id, rating, review_text, review_date) VALUES (42, 37, 1, 'Production kitchen kid against talk they themselves water.', '2023-02-15');
INSERT INTO reviews (product_id, customer_id, rating, review_text, review_date) VALUES (84, 74, 2, 'Including seem resource baby age including pressure.', '2023-10-01');
INSERT INTO reviews (product_id, customer_id, rating, review_text, review_date) VALUES (95, 93, 1, 'She eat positive finally keep age rock it those.', '2023-03-31');
INSERT INTO reviews (product_id, customer_id, rating, review_text, review_date) VALUES (54, 23, 1, 'Message today capital heart husband discuss maintain economic very help section keep.', '2023-07-23');
INSERT INTO reviews (product_id, customer_id, rating, review_text, review_date) VALUES (64, 24, 3, 'Total reduce sister what improve tree blue challenge fill camera.', '2023-01-20');
INSERT INTO reviews (product_id, customer_id, rating, review_text, review_date) VALUES (2, 39, 5, 'Visit fund increase pattern game our wrong follow environment.', '2023-11-05');
INSERT INTO reviews (product_id, customer_id, rating, review_text, review_date) VALUES (14, 43, 3, 'Today focus bed professor eight together it do authority might market once exactly.', '2023-08-21');
INSERT INTO reviews (product_id, customer_id, rating, review_text, review_date) VALUES (83, 70, 5, 'Receive international suddenly feeling collection skin challenge build knowledge theory.', '2023-09-10');
INSERT INTO reviews (product_id, customer_id, rating, review_text, review_date) VALUES (18, 65, 4, 'Baby officer respond window me benefit range.', '2023-05-20');
INSERT INTO reviews (product_id, customer_id, rating, review_text, review_date) VALUES (25, 15, 3, 'Medical state answer pick respond change structure later then get.', '2023-03-25');
INSERT INTO reviews (product_id, customer_id, rating, review_text, review_date) VALUES (94, 59, 3, 'Avoid pull generation American take follow people myself.', '2023-04-06');
INSERT INTO reviews (product_id, customer_id, rating, review_text, review_date) VALUES (2, 95, 3, 'Maintain region cup road recent factor leg discussion decade work oil able.', '2023-06-01');
INSERT INTO reviews (product_id, customer_id, rating, review_text, review_date) VALUES (73, 87, 2, 'Box single approach movie role human represent along purpose notice.', '2023-03-31');
INSERT INTO reviews (product_id, customer_id, rating, review_text, review_date) VALUES (79, 82, 4, 'Unit special life others position fact season.', '2023-08-07');
INSERT INTO reviews (product_id, customer_id, rating, review_text, review_date) VALUES (66, 42, 1, 'Television local any space system example.', '2023-07-25');
INSERT INTO reviews (product_id, customer_id, rating, review_text, review_date) VALUES (86, 13, 2, 'Run short type thank physical president indicate former.', '2023-03-13');
INSERT INTO reviews (product_id, customer_id, rating, review_text, review_date) VALUES (62, 42, 2, 'Fly someone sing knowledge city leg once knowledge government.', '2023-01-04');
INSERT INTO reviews (product_id, customer_id, rating, review_text, review_date) VALUES (34, 50, 2, 'Television us reduce trouble reality discussion eight relate cause.', '2023-08-17');
INSERT INTO reviews (product_id, customer_id, rating, review_text, review_date) VALUES (97, 35, 3, 'Necessary effect necessary cold number under teach stage perform area ball.', '2023-06-04');
INSERT INTO reviews (product_id, customer_id, rating, review_text, review_date) VALUES (75, 93, 5, 'Attack later describe threat require quickly system technology push realize management man.', '2023-01-06');
INSERT INTO reviews (product_id, customer_id, rating, review_text, review_date) VALUES (34, 84, 3, 'Response single administration spend hit his son season.', '2023-12-21');
INSERT INTO reviews (product_id, customer_id, rating, review_text, review_date) VALUES (31, 8, 1, 'Face trip way standard guess fight cover almost morning will.', '2023-08-27');
INSERT INTO reviews (product_id, customer_id, rating, review_text, review_date) VALUES (40, 21, 4, 'Style or human responsibility strategy number cut.', '2023-12-18');
INSERT INTO reviews (product_id, customer_id, rating, review_text, review_date) VALUES (65, 91, 3, 'Energy save compare administration brother claim agreement every short practice ground animal.', '2023-12-20');
INSERT INTO reviews (product_id, customer_id, rating, review_text, review_date) VALUES (16, 82, 3, 'Carry include international any picture get.', '2023-07-08');
INSERT INTO reviews (product_id, customer_id, rating, review_text, review_date) VALUES (79, 29, 2, 'Popular our particular administration here probably official appear.', '2023-03-10');
INSERT INTO reviews (product_id, customer_id, rating, review_text, review_date) VALUES (62, 20, 4, 'Really increase exist both just scientist type project ability well evening including.', '2023-11-07');
INSERT INTO reviews (product_id, customer_id, rating, review_text, review_date) VALUES (48, 54, 5, 'Style eight hand down assume audience born in.', '2023-08-30');
INSERT INTO reviews (product_id, customer_id, rating, review_text, review_date) VALUES (97, 69, 2, 'Decide whatever like attention let laugh couple.', '2023-05-07');
INSERT INTO reviews (product_id, customer_id, rating, review_text, review_date) VALUES (88, 97, 5, 'Learn black nature six have meeting pretty space least exactly although film.', '2023-02-11');
INSERT INTO reviews (product_id, customer_id, rating, review_text, review_date) VALUES (68, 58, 5, 'See natural college guy us concern hold dream affect.', '2023-12-27');
INSERT INTO reviews (product_id, customer_id, rating, review_text, review_date) VALUES (47, 10, 5, 'Note name small learn fast make.', '2023-02-27');
INSERT INTO reviews (product_id, customer_id, rating, review_text, review_date) VALUES (8, 71, 5, 'Stand least available step beautiful movie.', '2023-04-14');
INSERT INTO reviews (product_id, customer_id, rating, review_text, review_date) VALUES (74, 69, 2, 'Prevent money positive along sound light recognize hard among big hair.', '2023-03-26');
INSERT INTO reviews (product_id, customer_id, rating, review_text, review_date) VALUES (42, 67, 4, 'Would together assume environmental she rather camera role born.', '2023-03-01');
INSERT INTO reviews (product_id, customer_id, rating, review_text, review_date) VALUES (88, 27, 5, 'Activity it kitchen yeah turn recently.', '2023-09-08');
INSERT INTO reviews (product_id, customer_id, rating, review_text, review_date) VALUES (12, 66, 4, 'Accept key certainly set they season environmental couple pay such.', '2023-01-29');
INSERT INTO reviews (product_id, customer_id, rating, review_text, review_date) VALUES (59, 17, 5, 'Law national fire serious hospital Congress more.', '2023-08-01');
INSERT INTO reviews (product_id, customer_id, rating, review_text, review_date) VALUES (59, 73, 1, 'Network officer happy create determine son seem section car both none.', '2023-10-14');
INSERT INTO reviews (product_id, customer_id, rating, review_text, review_date) VALUES (60, 87, 3, 'Clear seat forward meet force candidate president also answer property.', '2023-01-12');
INSERT INTO reviews (product_id, customer_id, rating, review_text, review_date) VALUES (51, 33, 1, 'Career change suffer will chance against can say either visit skin wife program.', '2023-04-22');
INSERT INTO reviews (product_id, customer_id, rating, review_text, review_date) VALUES (75, 10, 1, 'I form section trade Republican determine street hit month management for final.', '2023-08-05');
INSERT INTO reviews (product_id, customer_id, rating, review_text, review_date) VALUES (45, 90, 1, 'Choose tend hard consumer near mother design environmental can daughter.', '2023-10-05');
INSERT INTO reviews (product_id, customer_id, rating, review_text, review_date) VALUES (8, 9, 4, 'Factor training gun speak gas as need event whatever pretty energy.', '2023-01-17');
INSERT INTO reviews (product_id, customer_id, rating, review_text, review_date) VALUES (37, 53, 2, 'Hot able ball family study major store who forget.', '2023-03-11');
INSERT INTO reviews (product_id, customer_id, rating, review_text, review_date) VALUES (99, 83, 4, 'Theory general name expert today quite team offer.', '2023-07-11');
INSERT INTO reviews (product_id, customer_id, rating, review_text, review_date) VALUES (49, 58, 4, 'Customer unit work southern anything step run generation.', '2023-07-12');